Code departement,Departement,Nom du club
01,Ain,1RE CIE D'ARCHERS MONTMERLE 3 RIVIERES
01,Ain,A.S.M.L.C. TIR A L'ARC
01,Ain,ARC CLUB GESSIEN
01,Ain,ARCHERS BRESSANS
01,Ain,ARCHERS DE LA VALSERINE
01,Ain,ASEGF STE JULIE
01,Ain,CIE DES ARCHERS DU ROY
01,Ain,COMPAGNIE DE BOURG EN BRESSE
01,Ain,DIVONNE ARC CLUB
01,Ain,L'ARC CLUB BUGISTE
01,Ain,LES ARCHERS DE LA VALLEE DE L'AIN
01,Ain,LES ARCHERS DU CANTON DE MONTLUEL
01,Ain,LES ARCHERS DU VAL DE SAONE
01,Ain,SEL TIR A L'ARC OYONNAX
01,Ain,ULYSSE 2000 AIN
02,Aisne,1ERE CIE D'ARC DE VIC SUR AISNE
02,Aisne,1ERE CIE D'ARC L'ESPERANCE DE LAON
02,Aisne,1ERE COMPAGNIE D'ARC DE VAILLY
02,Aisne,2EME CIE DE VILLENEUVE/FERE
02,Aisne,ARCHER CLUB DE COUCY LES EPPES
02,Aisne,ARCHERS DE CHATEAU-THIERRY ET DE BRASLES
02,Aisne,ASSOCIATION STE CLOTILDE
02,Aisne,CHEZY SUR MARNE
02,Aisne,CIE ARC CHEZY EN ORXOIS
02,Aisne,CIE ARC LA FERTE MILON
02,Aisne,CIE D ARC DE ST REMY
02,Aisne,CIE D ARC DE VILLERS COTTERETS
02,Aisne,CIE D ARC SERINGES ET NESLES
02,Aisne,CIE D'ARC D'HARAMONT
02,Aisne,CIE D'ARC D'OIGNY
02,Aisne,CIE D'ARC DE BILLY SUR OURCQ
02,Aisne,CIE D'ARC DE BLERANCOURT
02,Aisne,CIE D'ARC DE BRAINE
02,Aisne,CIE D'ARC DE BRANGES
02,Aisne,CIE D'ARC DE CHACRISE
02,Aisne,CIE D'ARC DE CHARLY SUR MARNE
02,Aisne,CIE D'ARC DE CHAUNY
02,Aisne,CIE D'ARC DE GRAND ROZOY
02,Aisne,CIE D'ARC DE GUIVRY
02,Aisne,CIE D'ARC DE MURET ET CROUTTES
02,Aisne,CIE D'ARC DE NEUILLY ST FRONT
02,Aisne,CIE D'ARC DE PARCY ET TIGNY
02,Aisne,CIE D'ARC DE PINON
02,Aisne,CIE D'ARC DE VILLENEUVE ST GERMAIN
02,Aisne,CIE D'ARC GANDELU
02,Aisne,CIE D'ARC MONTIGNY L'ALLIER
02,Aisne,CIE DAMMARD
02,Aisne,CIE DE BRECY
02,Aisne,CIE DE CAILLOUEL CREPIGNY
02,Aisne,CIE DE TIR A L'ARC D'OULCHY LA VILLE
02,Aisne,CIE DE TIR A L'ARC LA FERE
02,Aisne,CIE DES ARCHERS DE GUIGNICOURT
02,Aisne,CLUB DES ARCHERS DE L'OMOIS
02,Aisne,COMPAGNIE D'ARC D'ACY
02,Aisne,COMPAGNIE D'ARC DE CAMELIN
02,Aisne,COMPAGNIE D'ARC DE DROIZY
02,Aisne,COMPAGNIE D'ARC DE JUSSY
02,Aisne,COMPAGNIE D'ARC DE LONGPONT
02,Aisne,COMPAGNIE D'ARC DE LONGUEVAL
02,Aisne,COMPAGNIE D'ARC DE SOISSONS
02,Aisne,COMPAGNIE DE COINCY
02,Aisne,L'ARCHER DU GARD
02,Aisne,LA SAINT SEBASTIEN
02,Aisne,LES ARCHERS DE SEBONCOURT
02,Aisne,LES ARCHERS DES 3 RIVIERES
02,Aisne,NOGENTEL
02,Aisne,SAINT-QUENTIN TIR A L'ARC
02,Aisne,TIR A L'ARC COMMENCHON
02,Aisne,TIR A L'ARC ESSOMES
02,Aisne,TIR A L'ARC NAUROY
02,Aisne,TIR A L'ARC VILLEQUIER AUMONT
02,Aisne,UNION AMICALE FEROISE - SECTION TIR A L'ARC
03,Allier,A S MONTLUCONNAISE
03,Allier,ASD ARCHERS DOMPIERROIS
03,Allier,CIE ARC YZEURE MOULINS
03,Allier,LA MONTLUCONNAISE
03,Allier,LES ARCHERS DE BESSAY
03,Allier,LES ARCHERS DE BOURBON
03,Allier,LES ARCHERS DE VERNEUIL
03,Allier,LES ARCHERS DE VICHY
03,Allier,LES FLECHES DE VILLEFRANCHE
03,Allier,LES ROBINS TREVOLOIS
03,Allier,LURCY SPORTS LOISIRS ANIMATIONS
03,Allier,S.T.A.R. ST POURCINOISE
04,Alpes (Hte-Provence),1 CIE DES ARCHERS JARLANDINS
04,Alpes (Hte-Provence),1ERE CIE D'ARC DE BARCELONNETTE UBAYE
04,Alpes (Hte-Provence),AEP LE ROC
04,Alpes (Hte-Provence),ARCHERS DES 3 VALLEES
04,Alpes (Hte-Provence),ARCHERS DU SASSE
04,Alpes (Hte-Provence),ARCHERS MANOSQUINS
04,Alpes (Hte-Provence),CIE DES ARCHERS DE PIETRAMAL
04,Alpes (Hte-Provence),LES ARCHERS DE BEATRIX
04,Alpes (Hte-Provence),LES ARCHERS DU SOLEIL
04,Alpes (Hte-Provence),LUROSPORT
06,Alpes-Maritimes,AC NICE
06,Alpes-Maritimes,ARC EVASION NATURE
06,Alpes-Maritimes,ARCHERS DE ST MICHEL
06,Alpes-Maritimes,ASSOCIATION SPORTS LOISIRS ROQUESTERON
06,Alpes-Maritimes,CIE D'ARC CANNES-MANDELIEU
06,Alpes-Maritimes,CIE DES ARCHERS DE CONTES - COMPETITION
06,Alpes-Maritimes,CIE DES ARCHERS DU PARC
06,Alpes-Maritimes,CLUB DES ARCHERS GATTIEROIS
06,Alpes-Maritimes,COMPAGNIE D'ARC D'ANTIBES
06,Alpes-Maritimes,FA NICE
06,Alpes-Maritimes,FED. MONEGASQUE DE TIR
06,Alpes-Maritimes,GREOLOISIRS
06,Alpes-Maritimes,OIE D ARC DE ST CEZAIRE/SIAGNE
07,Ardeche,AMICALE LAIQUE DE ST PERAY
07,Ardeche,ARCHERS DE JAUJAC
07,Ardeche,ARCHERS DE RUOMS
07,Ardeche,COMPAGNIE D'ARC D'ANNONAY
07,Ardeche,LES ARCHERS DE CHARLEMAGNE
07,Ardeche,LES ARCHERS DE PRIVAS
07,Ardeche,LES ARCHERS DU VAL D'AY
08,Ardennes,CIE DES MARCHES DE L'ARDENNE
08,Ardennes,COMPAGNIE CHARLES DE GONZAGUE
08,Ardennes,LA FLECHE SEDANAISE
08,Ardennes,LES ARCHERS DU PAYS D'YVOIS
08,Ardennes,LES ARCHERS VRIGNOI
08,Ardennes,RETHEL SPORTIF TIR A L'ARC
10,Aube,ARCHERS DU TEMPLE
10,Aube,ARCHERS VAL DE BARSE
10,Aube,ASSB LES ARCHERS BRIENNOIS
10,Aube,CIE D'ARC DU CHAOURCOIS
10,Aube,CIE SAINTE GERMAINE
10,Aube,COMPAGNONS DU LYS
10,Aube,DIANA SPORT
10,Aube,FOYER DES JEUNES JEAN VILAR
10,Aube,LES ARCHERS DE L'ETOILE
10,Aube,LES ARCHERS DE ST BERNARD
10,Aube,LES ARCHERS DES PRES DORES
10,Aube,LES ARCHERS DU LAC
10,Aube,LES ARCHERS DU PEAGE
10,Aube,LES ARCHERS OTHEENS
10,Aube,LES ARCHERS TROYENS
10,Aube,ROMILLY SPORTS - 10
11,Aude,ARC DE FABREZAN
11,Aude,CIE D'ARCHERS CHAURIENS
11,Aude,CIE DES ARCHERS TREBEENS
11,Aude,LES ARCHERS DE BIZANET
11,Aude,LES ARCHERS DE LA CITE
11,Aude,LES ARCHERS DE LIMOUX
11,Aude,LES ARCHERS DU LAUQUET
11,Aude,LES ARCHERS NARBONNAIS
12,Aveyron,AVENIR OLYMPIQUE DE BOZOULS
12,Aveyron,CENTRE CULTUREL ET SPORTIF SEVERAGAIS
12,Aveyron,LA COMPAGNIE DES ARCHERS DU BASSIN
12,Aveyron,LA FLECHE CAPDENACOISE
12,Aveyron,LES ARCHERS DU CEOR
12,Aveyron,LES ARCHERS DU SEGALA
12,Aveyron,MILLAU ARC CLUB
12,Aveyron,TIR A L ARC DECAZEVILLOIS
67,Bas-Rhin,1 CIE ARC STRASBOURG
67,Bas-Rhin,A.S.O.R. ERSTEIN
67,Bas-Rhin,AMICALE DE TIR SAINT HUBERT
67,Bas-Rhin,ARCHERS DE HAGUENAU
67,Bas-Rhin,ASSOCIATION DE TIR A L'ARC ET LOISIRS
67,Bas-Rhin,CIE ARCHERS DE WISSEMBOURG
67,Bas-Rhin,CIE D'ARCHERS D'HERRLISHEIM
67,Bas-Rhin,CIE D'ARCHERS DU PAYS DE HANAU
67,Bas-Rhin,CIE DES ARCHERS DE L'U.S SCHWEIGHOUSE
67,Bas-Rhin,CLUB SPORTIF ET ARTISTIQUE ESTIENNE
67,Bas-Rhin,COMPAGNONS D'ARC LINGOLSHEIM
67,Bas-Rhin,FOYER CLUB JEUNES DU ZORNTHAL
67,Bas-Rhin,LES ARCHERS DE LA HAUTE EHN
67,Bas-Rhin,LES ARCHERS DE SELESTAT
67,Bas-Rhin,LES ARCHERS DE ZORN VALLEE
67,Bas-Rhin,LES ARCHERS DU VIADUC
67,Bas-Rhin,STE DE TIR DE STRASBOURG SECTION ARC
13,Bouches-du-Rhone,1ERE CIE D'ARC MARIGNANE
13,Bouches-du-Rhone,1ERE CIE D'ARC MARSEILLE
13,Bouches-du-Rhone,1ERE CIE DE TIR A L'ARC D'AIX EN PROVENCE
13,Bouches-du-Rhone,1ERE CTA DE CARNOUX
13,Bouches-du-Rhone,1ERE CTA LA CIOTAT
13,Bouches-du-Rhone,ARCHERS DE LA CRAU
13,Bouches-du-Rhone,ARCHERS DU ROY RENE
13,Bouches-du-Rhone,ARCHERS PHOCEENS
13,Bouches-du-Rhone,ARCHERS PONT VAN GOGH
13,Bouches-du-Rhone,AURIOL DIANE ARCHERY
13,Bouches-du-Rhone,C.C.S. BOUC BEL AIR - 1RE CIE D'ARC
13,Bouches-du-Rhone,CIE D'ARC PELISSANNE
13,Bouches-du-Rhone,FIRST TEXAS CAVALRY
13,Bouches-du-Rhone,ISTRES SPORT TIR A L'ARC
13,Bouches-du-Rhone,LEGION PUYLOUBIER
13,Bouches-du-Rhone,LES ARCHERS DE GEMENOS
13,Bouches-du-Rhone,LES ARCHERS DE L'ALYCASTRE
13,Bouches-du-Rhone,LES ARCHERS DE LA REINE JEANNE
13,Bouches-du-Rhone,LES ARCHERS DES COLLINES DE LA DURANCE
13,Bouches-du-Rhone,LES ARCHERS DES MILLES
13,Bouches-du-Rhone,LES ARCHERS DES TROIS LUCS
13,Bouches-du-Rhone,LES ARCHERS DU THOLONET
13,Bouches-du-Rhone,LES ARCHERS PENNOIS
13,Bouches-du-Rhone,LES ARCHERS SAINT MARTINOIS
13,Bouches-du-Rhone,LES ARCHERS SALONAIS - LA BARBEN
13,Bouches-du-Rhone,LIS ARQUIE MARTEGAU
13,Bouches-du-Rhone,MAISON POUR TOUS LA MEDE
13,Bouches-du-Rhone,PEYNIER - LES ARCHERS DU VERDALAI
13,Bouches-du-Rhone,S.L.C MIRAMAS
13,Bouches-du-Rhone,TIR A L'ARC FARENC
13,Bouches-du-Rhone,USCM - ARCHERS DU RAIL
14,Calvados,ARCHERS DE CAEN
14,Calvados,ASSOC. DES JEUNES VILLERSOIS
14,Calvados,CIE DES ARCHERS D'HEROUVILLE
14,Calvados,CIE DES ARCHERS DE BAYEUX
14,Calvados,CIE DES ARCHERS DE OUISTREHAM
14,Calvados,CIE TIR A L'ARC USM VIRE
14,Calvados,COMPAGNIE D'ARC CONDE SUR NOIREAU
14,Calvados,COMPAGNIE SAINT GEORGES DE MERVILLE
14,Calvados,E.SPORTIVE FALAISIENNE
14,Calvados,ES A SECTION TIR A L ARC
14,Calvados,ESSOR DU VAL CLAIR
14,Calvados,LES APACHES
14,Calvados,LES ARCHERS DE L ELAN SPORTIF
14,Calvados,LES ARCHERS DE L ODON
14,Calvados,LES ARCHERS DE L'ESTUAIRE
14,Calvados,LES ARCHERS DE LA SEULLES
14,Calvados,LES ARCHERS HARCOURTOIS
14,Calvados,LES CARQUOIS D'AURE
14,Calvados,ST PIERRE SUR DIVES
15,Cantal,ARCHERS DU STADE AURILLACOIS
15,Cantal,AURILLAC (ASPTT)
15,Cantal,LA FLECHE DE LA SUMENE
15,Cantal,LA SANFLORAINE
15,Cantal,LES ARCHERS DU PAYS DE SAINT FLOUR
15,Cantal,MAURIAC ARCHERIE CLUB
16,Charente,1ERE CIE D'ARCHERS DE COGNAC
16,Charente,ARC CLUB ANGOUMOISIN
16,Charente,ARCHERS DE LA BOIXE
16,Charente,LES ARCHERS CONFOLENTAIS
16,Charente,LES ARCHERS DE LA TOUVRE
16,Charente,LES ARCHERS DU NORD CHARENTE
16,Charente,M.J.C. SECTION TIR A L'ARC
17,Charente-Maritime,1ERE CIE D'ARC D'AUNIS
17,Charente-Maritime,ARC NATURE DE ST SAUVANT
17,Charente-Maritime,ARCHERS DE COUREILLES
17,Charente-Maritime,ARCHERS DE LA TUBLERIE
17,Charente-Maritime,ARCHERS DE RE
17,Charente-Maritime,ARCHERS DU ROYAN OCEAN CLUB
17,Charente-Maritime,ARCHERS OLERONAIS
17,Charente-Maritime,ARCHERS SAINTAIS
17,Charente-Maritime,ARCHERS SIRES DE PONS
17,Charente-Maritime,COMPAGNIE ARCHERS VIRSON
17,Charente-Maritime,FOYER RURAL D'AULNAY
17,Charente-Maritime,LES ARCHERS AIGREFEUILLAIS
17,Charente-Maritime,LES ARCHERS D'ANGELY
17,Charente-Maritime,LES ARCHERS D'HELENE
17,Charente-Maritime,LES ARCHERS DE LA MALLOLIERE
17,Charente-Maritime,LES ARCHERS DE RHO
17,Charente-Maritime,LES FRANCS ARCHERS DE LA SEUDRE
17,Charente-Maritime,S A R TIR A L'ARC
17,Charente-Maritime,STE TREMBLADAISE DE TIR
18,Cher,1 ERE CIE ARCHERS DE BOURGES
18,Cher,1ERE CIE DES ARCHERS VIERZONNAIS
18,Cher,ARCHERS SAINT AMANDOIS
18,Cher,AVORD TIR A L'ARC
18,Cher,BOURGES ARC CLUB
18,Cher,CIE DES ARCHERS DU VAL D'AUBOIS
18,Cher,CLUB DE CHATEAUNEUF/CHER - PLUME DE DIAN
18,Cher,LA FLECHE D'ARGENT
18,Cher,LES ARCHERS DE BELLEVILLE SUR LOIRE
18,Cher,LES ARCS ANGES DE VIERZON
18,Cher,MEHUN ARCHERS DE CHARLES VII
18,Cher,SAINT FLORENT USF ARC CLUB
18,Cher,"SANCERGUES, LES ARCHERS DE LA VAUVISE"
18,Cher,SOCIETE D'INITIATION PHYSIQUE ET SPORTIV
18,Cher,ST GERMAIN DU PUY 1ERE
19,Correze,ARCHER CLUB AIXOIS
19,Correze,ASSOC. C.D.L.N.P.A.
19,Correze,CIE DES ARCHERS DE BRIVE
19,Correze,CIE DES ARCHERS DE MALEMORT
19,Correze,CLUB ARCHERS TULLISTES
19,Correze,COMPAGNIE DES ARCHERS DE VENTADOUR
2A,Corse-du-Sud,ARC CLUB SARTENAIS
2A,Corse-du-Sud,ARCHER-CLUB DE LECCI
2A,Corse-du-Sud,ASPTT AJACCIO
2A,Corse-du-Sud,ASSOCIATION CORSE DES ARCHERS D'AJACCIO
2A,Corse-du-Sud,INSEME TIR A L'ARC
21,Cote-d'Or,1ERE CIE D'ARC DE DIJON
21,Cote-d'Or,ASC TIR A L'ARC - CIE DES ARCHERS EPLEUMIENS
21,Cote-d'Or,ATAC CHENOVE TIR A L'ARC
21,Cote-d'Or,CIE ARC L AUXOIS
21,Cote-d'Or,CLUB IS SUR TILLE TIR A L'ARC
21,Cote-d'Or,LES ARCHERS AUXONNAIS
21,Cote-d'Or,LES ARCHERS DE L'ALBANE
21,Cote-d'Or,LES ARCHERS DE LA FONTAINE DES DUCS
21,Cote-d'Or,LES ARCHERS DU PAYS BEAUNOIS
21,Cote-d'Or,LES ARCHERS PATARAS
21,Cote-d'Or,MEURSAULT ARCHERS CLUB
21,Cote-d'Or,TIR A L'ARC DU CLES
22,Cotes-d'Armor,ARC EN CIEL
22,Cotes-d'Armor,ARCHERS COTE DES BRUYERES
22,Cotes-d'Armor,ARCHERS D'ARMOR
22,Cotes-d'Armor,ARCHERS DE PAPEGAULT
22,Cotes-d'Armor,ARCHERS DU PAYS DE LOUDEAC
22,Cotes-d'Armor,ARCHERS MJC POINT DU JOUR
22,Cotes-d'Armor,ASSOCIATION FREHEL MULTI SPORTS
22,Cotes-d'Armor,CIE ARCHERS PENTHIEVRE
22,Cotes-d'Armor,COMPAGNIE D'ARCHERS DU SUD GOELO
22,Cotes-d'Armor,GROUPEMENT DES ARCHERS GALLO
22,Cotes-d'Armor,LA COMPAGNIE DES ARCHERS DE PORDIC
22,Cotes-d'Armor,LES ARCHERS DE ROSMEUR
22,Cotes-d'Armor,LES ARCHERS DU FREMUR
22,Cotes-d'Armor,LES ARCHERS DU TREGOR
22,Cotes-d'Armor,MJC QUINTIN - SECTION TIR A L'ARC
24,Dordogne,1ERE CIE D'ARC DU PERIGORD
24,Dordogne,CIE ARCHERS DE CYRANO BERGERAC
24,Dordogne,CIE D'ARC DE PERIGUEUX
24,Dordogne,FLECHE ASSOCIATION CHAMPCEVINEL
24,Dordogne,LES ARCHERS D'EYMET
24,Dordogne,LES ARCHERS DE LA DOUBLE
24,Dordogne,LES FLECHES POURPRES
25,Doubs,1ERE CIE D'ARC D'ARCEY
25,Doubs,ARC CLUB BISONTIN
25,Doubs,ARCHERS DE LA FAUCONNIERE
25,Doubs,ASSOCIATION CLUB 2000
25,Doubs,COMPAGNIE D'ARC DE THISE
25,Doubs,JEANNE D'ARC DE MAICHE
25,Doubs,LA DECOCHE BISONTINE
25,Doubs,LA FLECHE ARBOUANAISE
25,Doubs,LES ARCHERS DE FONTENYS
25,Doubs,LES ARCHERS DU C.S.A.M.B.
25,Doubs,LES ARCHERS DU PLATEAU
25,Doubs,LES COMPAGNONS DE L'OREE DU BOIS
25,Doubs,SPORTS ET LOISIRS DE TORPES
26,Drome,AMICALE LAIQUE DE ST VALLIER
26,Drome,ARCHERS CASTELNEUVOIS
26,Drome,ARCHERS DE LA RAYE
26,Drome,ARCHERS DU TRICASTIN
26,Drome,ARCHERS VALENTINOIS
26,Drome,ASGE CIE DE TIR A L'ARC TRICASTINE
26,Drome,CIE ARC PIERRELATTINS
26,Drome,CIE DES ARCHERS D'ANCONE
26,Drome,CLUB OMNISPORT DU HAUT DIOIS
26,Drome,COMITE CULTUREL ET SPORTIF DE CHARPEY
26,Drome,COMPAGNIE DES ARCHERS DE VALAURIE
26,Drome,LA FLECHE SOUS BOIS
26,Drome,LES ARCHERS DES DEUX RIVES
26,Drome,ST BONNET VAL LOISIRS
91,Essonne,1E CIE D'ARC DES CHEVALIERS DE QUINCY
91,Essonne,AMICALE LAIQUE DE MASSY
91,Essonne,ARCHERS DE DRAVEIL SENART VAL DE SEINE
91,Essonne,ARCHERS DE VILLEBON
91,Essonne,ARCHERS DU GRAND VENEUR
91,Essonne,ARCHERS DU MOULON
91,Essonne,ARCHERS TERRE BRULEE
91,Essonne,ASE TIR A L'ARC D'ETRECHY
91,Essonne,ASSOCIATION SPORTIVE DE BOISSY LE CUTTE
91,Essonne,C.F.T.A. II
91,Essonne,CIE D ARC DE HUILT SOULZ
91,Essonne,CIE D'ARC DE LISSES
91,Essonne,CIE D'ARC DE SAINT VRAIN
91,Essonne,CIE D'ARC DU HUREPOIX
91,Essonne,CIE D'ARCHERS SALUCEENS
91,Essonne,CIE DE MORSANG S/ORGE
91,Essonne,CIE DE TIR A L ARC D EGLY
91,Essonne,CIE DES ARCHERS D ETAMPES
91,Essonne,CIE DES ARCHERS DE LA TOUR
91,Essonne,CIE DES ARCHERS DE MENNECY-VILLEROY
91,Essonne,COMPAGNIE D'ARC DE SAINTRY SUR SEINE
91,Essonne,COMPAGNIE DES CELESTINS
91,Essonne,LES ARCHERS D'ORSAY
91,Essonne,LES ARCHERS DE L'ABBAYE
91,Essonne,LES ARCHERS DE L'HUREPOIX
91,Essonne,LES ARCHERS DE VILLEMOISSON
91,Essonne,LES ARCHERS DU DONJON
91,Essonne,LES ARCHERS ST GERMINOIS
91,Essonne,LES SAGITTAIRES
91,Essonne,MORANGIS - CHILLY (CIE D'ARC DE )
91,Essonne,NOUVELLE ARCADIE
91,Essonne,U.S.GRIGNY
91,Essonne,USOAM TIR A L'ARC
91,Essonne,VILLABE - LA FLECHE ETOILEE
27,Eure,ARC CLUB DE L'ANDELLE
27,Eure,ARC CLUB RISLOIS
27,Eure,ARCHERIE CLUB CONCHOISE
27,Eure,CIE D'ARC LES ANDELYS
27,Eure,CIE DES ARCHERS ALM EVREUX
27,Eure,CIE DES ARCHERS DE LA RISLE
27,Eure,CIE DES ARCHERS DE THUIT SIGNOL
27,Eure,COMPAGNIE D'ARC DE VERNON
27,Eure,E.G. - CIE D'ARC DU DONJON
27,Eure,FRANCS ARCHERS DE ST SEBASTIEN
27,Eure,LES ARCHERS DE LOUVIERS
27,Eure,LES ARCHERS DE ST MICHEL EVREUX
27,Eure,LES ARCHERS DU CHATEAU
27,Eure,SECTION TIR A L ARC C.S.A.D.N.
28,Eure-et-Loir,A.CLUB VALLEE DE L'EURE
28,Eure-et-Loir,A.E.A.S. D'EPERNON
28,Eure-et-Loir,ARC CLUB COURVILLOIS
28,Eure-et-Loir,ARC CLUB DUNOIS
28,Eure-et-Loir,ARC HANCHES
28,Eure-et-Loir,ASS. DE NOGENT LE PHAYE
28,Eure-et-Loir,CLUB ARCHERS DROUAIS
28,Eure-et-Loir,COMPAGNIE D'ARC D'ARROU
28,Eure-et-Loir,COMPAGNIE DE LUCE
28,Eure-et-Loir,COMPAGNIE DE NOGENT LE ROI
28,Eure-et-Loir,ENTENTE SPORTIVE ALNELOISE
28,Eure-et-Loir,ESPERANCE ISLERIENNE
28,Eure-et-Loir,ETOILE DE BROU
28,Eure-et-Loir,GAS U.S. TIR A L'ARC
28,Eure-et-Loir,HORIZON DE BEAULIEU
28,Eure-et-Loir,L'ARCHER DE BONNEVAL
28,Eure-et-Loir,LA FLECHE ETOILEE
28,Eure-et-Loir,LES ARCHERS DE LA TOUR
28,Eure-et-Loir,LES ARCHERS DE LA VILLE L'EVEQUE
28,Eure-et-Loir,LES ARCHERS DU PERCHE
28,Eure-et-Loir,LES COMPAGNONS DE DIANE
29,Finistere,A T A Q
29,Finistere,ARCHERS D'IROISE
29,Finistere,ARCHERS DE BOHARS
29,Finistere,ARCHERS DE KEROUAL
29,Finistere,ARCHERS DE QUERRIEN
29,Finistere,ARCHERS DES AVENS
29,Finistere,ARCHERS GLAZIK
29,Finistere,ARCHERS LOGONNAIS
29,Finistere,C.ARCHER PETIT CHATEAU
29,Finistere,CIE ARCHERS DE L'ODET
29,Finistere,CIE D ARC SAINT POL DE LEON
29,Finistere,CIE D'ARC DES ABERS
29,Finistere,CIE DES ARCHERS BIGOUDENS
29,Finistere,COMPAGNIE D'ARC
29,Finistere,COMPAGNIE D'ARC DE PLOUGASNOU
29,Finistere,LES ARCHERS D OUESSANT
29,Finistere,LES ARCHERS DE GUIPAVAS
29,Finistere,LES ARCHERS DE L'AULNE
29,Finistere,LES ARCHERS DE LA PRESQU'ILE DE CROZON
29,Finistere,LES ARCHERS DE PLOUEDERN
29,Finistere,LES ARCHERS DE TREMEOC
29,Finistere,LES ARCHERS DU CASTEL
29,Finistere,LES ARCHERS LANDIVISIENS
29,Finistere,PLOUNEOUR TREZIEN
30,Gard,ARC CLUB ALESIEN
30,Gard,ARC CLUB ARAMON
30,Gard,ARC CLUB DE BARJAC
30,Gard,ARC CLUB DE L'UZEGE
30,Gard,ARC CLUB DE LANGLADE
30,Gard,ARC CLUB DE MANDUEL
30,Gard,ARC CLUB DE PONT ST ESPRIT
30,Gard,ARC CLUB MILHAUDOIS
30,Gard,ARC CLUB ST CHRISTOL LEZ ALES
30,Gard,ARCHERS PETITE CAMARGUE
30,Gard,AUJ'ARC EN SOMMIEROIS
30,Gard,CIE DU CAMP DE CESAR A LAUDUN
30,Gard,CLUB DE TIR ST AMBROIX
30,Gard,CLUB DES ARCHERS ANDUZIENS
30,Gard,COMPAGNIE DES ARCHERS DE PUJAUT
30,Gard,LES ARCHERS BEAUCAIROIS
30,Gard,LES ARCHERS DE MARGUERITTES
30,Gard,LES ARCHERS ST GILLOIS
31,Garonne (Haute),ARC CLUB DE BLAGNAC
31,Garonne (Haute),ARC CLUB DU LUCHONNAIS
31,Garonne (Haute),ARCHERS DE MONTGISCARD
31,Garonne (Haute),ATAP
31,Garonne (Haute),AVENIR FONSORBAIS TIR A L'ARC
31,Garonne (Haute),BALMA TIR A L'ARC
31,Garonne (Haute),CIE ARCHERS DE SEDE
31,Garonne (Haute),CIE D'ARCHERS DE MURET
31,Garonne (Haute),CIE DES ARCHERS D'OCCITANIE
31,Garonne (Haute),CLUB ATHLETIQUE BALMANAIS
31,Garonne (Haute),COMPAGNIE D'ARCHERS DU TOUCH
31,Garonne (Haute),LES ARCHERS DE BESSIERES
31,Garonne (Haute),LES ARCHERS DE CUGNAUX
31,Garonne (Haute),LES ARCHERS FRONTONNAIS
31,Garonne (Haute),LES ARCHERS LEGUEVINOIS
31,Garonne (Haute),RUR ARC 31
31,Garonne (Haute),TIR ARC A.S.U. UNION
31,Garonne (Haute),TOULOUSE ATHLETIC CLUB TOULOUSE
31,Garonne (Haute),U.S.AUCAMVILLE TIR A L'ARC
32,Gers,ARCHERIE MIRANDAISE
32,Gers,ARCHERS DE LA SAVE
32,Gers,L'ARC AUSCITAIN
32,Gers,LA FLECHE GASCONNE
32,Gers,LES ARCHERS DE LA HIRE CONDOM
32,Gers,LES ARCHERS ELUSATES
32,Gers,PLAISANCE TIR SPORTIF
33,Gironde,1RE CIE D'ARC DE ST EMILION
33,Gironde,A C S L ARCHERS D'ANDERNOS
33,Gironde,AMICALE ET PATRONAGE DE BEGLES
33,Gironde,ARC AVIA CLUB DE BORDEAUX
33,Gironde,ARCHERS DE LA LANDE DE FRONSAC
33,Gironde,ARCHERS DES DUCS D'EPERNON
33,Gironde,ARCHERS DES QUAT SOS
33,Gironde,ARCHERS DU BASSIN D'ARCACHON
33,Gironde,ASL TIR A L ARC
33,Gironde,ASSOCIATION SPORTIVE AMBARESIENNE
33,Gironde,ASSOCIATION SPORTIVE SNECMA BORDEAUX
33,Gironde,CIE D'ARC DE BLAGON LANTON
33,Gironde,CIE HAUT MEDOC
33,Gironde,INDIAN'S ARC
33,Gironde,LE BLASON CAMBLANAIS
33,Gironde,LES ARCHERS D'ARSAC
33,Gironde,LES ARCHERS D'AUROS
33,Gironde,LES ARCHERS DE GUYENNE
33,Gironde,LES ARCHERS DE LA LANDE CASTELNAUDAISE
33,Gironde,LES ARCHERS DE LEOGNAN
33,Gironde,LES ARCHERS DE ST CIERS/GIRONDE
33,Gironde,LES ARCHERS DE ST SULPICE ET CAMEYRAC
33,Gironde,LES ARCHERS DU BOSQUET
33,Gironde,LES ARCHERS DU CHALAURES
33,Gironde,LES ARCHERS DU MEDOC
33,Gironde,LES ARCHERS DU SAM
33,Gironde,LES ARCHERS DU TEICH
33,Gironde,LES ARCHERS PALAISIENS
33,Gironde,S.A.G.C. SECTION TIR A L'ARC
33,Gironde,SPIC SECTION TIR A L ARC
33,Gironde,ST MEDARD ARCHERS DES JALLES
33,Gironde,USCH SECTION TIR A L'ARC
68,Haut-Rhin,A.S.L.D.
68,Haut-Rhin,ARC CLUB STE CX PLAINE
68,Haut-Rhin,ARCHERS DU CERCLE RIXHEIM
68,Haut-Rhin,ARCHERS ST GEORGES BRUNSTATT
68,Haut-Rhin,CIE D'ISHI ARCHERS DE WITTELSHEIM
68,Haut-Rhin,COMPAGNIE D'ARC STE CROIX EN PLAINE
68,Haut-Rhin,COMPAGNONS DU HOHLANDSBOURG
68,Haut-Rhin,LES ARCHERS DE FERRETTE
68,Haut-Rhin,LES ARCHERS DE LA THUR
68,Haut-Rhin,LES ARCHERS DE LA VALLEE DE MUNSTER
68,Haut-Rhin,LES ARCHERS DE VOLGELSHEIM
68,Haut-Rhin,LES ARCHERS DU FLORIVAL
68,Haut-Rhin,LES ARCHERS DU FRENZ
68,Haut-Rhin,LES ARCHERS DU LION ACSP
68,Haut-Rhin,LES ARCHERS DU VAL D'ARGENT CERCLE ST NI
68,Haut-Rhin,MULHOUSE C.A.B.
68,Haut-Rhin,RIBEAUVILLE (RIBEAUPIERRE)
68,Haut-Rhin,SOCIETE DE TIR A L ARC MULHOUSE
92,Hauts-de-Seine,A.B.C.ARCHERS
92,Hauts-de-Seine,ARC CLUB ISSY LES MOULINEAUX
92,Hauts-de-Seine,ARCHERIE CLUB ANTONY
92,Hauts-de-Seine,ARCHERS DU PHENIX
92,Hauts-de-Seine,ARCHERS REUNIS DE COLOMBES
92,Hauts-de-Seine,ATHLETIC CLUB DE BOULOGNE BILLANCOURT
92,Hauts-de-Seine,C T A GARCHES
92,Hauts-de-Seine,C.O.M. BAGNEUX
92,Hauts-de-Seine,CHAVILLE TIR A L'ARC
92,Hauts-de-Seine,CIE D'ARC D'ASNIERES
92,Hauts-de-Seine,CIE D'ARC DE SCEAUX-FONTENAY-AUX-ROSES
92,Hauts-de-Seine,CIE D'ARC DES BLEUS DE SEVRES
92,Hauts-de-Seine,CIE D'ARC VILLE D'AVRAY
92,Hauts-de-Seine,CIE DE TIR A L'ARC DE CHATILLON 92
92,Hauts-de-Seine,CIE SAINT PIERRE MONTMART
92,Hauts-de-Seine,ENTENTE SPORTIVE DE NANTERRE
92,Hauts-de-Seine,LES ARCHERS DE LA FOSSE AUX ASTRES
92,Hauts-de-Seine,LES ARCHERS DU PLESSIS ROBINSON
92,Hauts-de-Seine,LES ARCHERS GENNEVILLOIS
92,Hauts-de-Seine,LES ARCHERS SURESNOIS
92,Hauts-de-Seine,S.T.A.R.
92,Hauts-de-Seine,U A S. TIR A L'ARC
34,Herault,AGDE
34,Herault,ARC CLUB SETOIS
34,Herault,ARC CLUB VILLENEUVOIS
34,Herault,ARC LAT'VEDAS
34,Herault,ARCHER CRESSOIS
34,Herault,ARCHERS DE ROQUEBRUN
34,Herault,CLUB DES ARCHERS VIASSOIS
34,Herault,LES ARCHERS BITERROIS
34,Herault,LES ARCHERS DE BALLESTRAS
34,Herault,LES ARCHERS DE L'HORTUS
34,Herault,LES ARCHERS DE LA TUQUE
34,Herault,LES ARCHERS DE LUNEL
34,Herault,LES ARCHERS DE PEROLS
34,Herault,LES ARCHERS DU COULAZOU
34,Herault,LES ARCHERS DU FAUGEROIS
34,Herault,LOU RECANTOU DE PAULHAN TIR A L'ARC
34,Herault,MONTPELLIER ARC CLUB
34,Herault,TIR A L'ARC GRABELLOIS
35,Ille-et-Vilaine,1ERE CIE D'ARC COTE EMERAUDE
35,Ille-et-Vilaine,ACES CLUB ARLEQUIN
35,Ille-et-Vilaine,AMICALE LAIQUE CANCALE
35,Ille-et-Vilaine,ARCHERS DE BROCELIANDE
35,Ille-et-Vilaine,ARCHERS DE SEVIGNE
35,Ille-et-Vilaine,ASSOCIATION DES ARCHERS DE HTE VILAINE
35,Ille-et-Vilaine,AVENIR SPORTIF VEZIN
35,Ille-et-Vilaine,CIE ARCHERS CARADEUC
35,Ille-et-Vilaine,CIE DES ARCHERS DE LA ROCHE AUX FEES
35,Ille-et-Vilaine,CIE DES ARCHERS DU CHR DE RENNES
35,Ille-et-Vilaine,CIE DES ONZE ECLUSES
35,Ille-et-Vilaine,COMPAGNIE D'ARC DE COIGNY
35,Ille-et-Vilaine,COMPAGNIE D'ARCHERS DE RENNES
35,Ille-et-Vilaine,DINARD AMICAL CLUB
35,Ille-et-Vilaine,ESPERANCE DE CHAVAGNE
35,Ille-et-Vilaine,FLECHE DES HAUTS DE VILAINE
35,Ille-et-Vilaine,GUICHEN ARCHERIE
35,Ille-et-Vilaine,LA PITAUDIERE - CIE DES ARCHERS DE MUEL
35,Ille-et-Vilaine,LA REDONNAISE TIR A L'ARC
35,Ille-et-Vilaine,LES ARCHERS DE LA FORET
35,Ille-et-Vilaine,LES ARCHERS DE LA LANDE
35,Ille-et-Vilaine,LES ARCHERS DE LA RANCE
35,Ille-et-Vilaine,LES ARCHERS DE ST LOUP
35,Ille-et-Vilaine,LES ARCHERS DE VAUGON
35,Ille-et-Vilaine,LES ARCHERS DU 11EME RAMA
35,Ille-et-Vilaine,LES ARCHERS DU CANAL
36,Indre,1ERE CIE D'ARCHERS DES TOURS
36,Indre,1ERE CIE DE TIR A L'ARC DE CHATEAUROUX
36,Indre,ARCHER CLUB ARGENTONNAIS
36,Indre,CIE BELABRAISE DE TIR A L'ARC
36,Indre,CIE DES ARCHERS DE TOURNON
36,Indre,CIE LE BLANC ARCHER
36,Indre,LES ARCHERS DU BEFFROY
36,Indre,LES ARCHERS DU LUMA
37,Indre-et-Loire,1ERE CIE D'ARC DE CLERE LES PINS
37,Indre-et-Loire,1ERE CIE DES ARCHERS LOCHOIS
37,Indre-et-Loire,A.S.C.CHANCEAUX.SUR.CHOISILLE
37,Indre-et-Loire,ARC JOCONDIEN
37,Indre-et-Loire,ATHLETIC CLUB AMBOISIEN
37,Indre-et-Loire,AZAY ARC CLUB
37,Indre-et-Loire,CHINON A.S.C.A.R.
37,Indre-et-Loire,CIE DES ARCHERS A.S.L.
37,Indre-et-Loire,CIE DES ARCHERS DE ST ETIENE DE CHIGNY
37,Indre-et-Loire,CIE DES ARCHERS DU BOURGUEILLOIS
37,Indre-et-Loire,CLUB SPORTIF BETTONNAIS
37,Indre-et-Loire,COMPAGNIE D'ARC DU VAL DE LOIRE
37,Indre-et-Loire,ENTENTE SPORTIVE BOURGUEIL - SECTION TIR A L ARC
37,Indre-et-Loire,FRANCS ARCHERS DE TOURAINE
37,Indre-et-Loire,LES ARCHERS DE L'ECHANDON
37,Indre-et-Loire,LES ARCHERS DE LA CROIX EN TOURAINE
37,Indre-et-Loire,LES ARCHERS DE MONTBAZON
37,Indre-et-Loire,NOUZILLY INRA
37,Indre-et-Loire,REVEIL SPORTIF ST CYR TIR A L'ARC
37,Indre-et-Loire,RICHELAIS JEUNESSE SPORTIVE
37,Indre-et-Loire,SAINT AVERTIN CASAS
37,Indre-et-Loire,U.S. TOURS
37,Indre-et-Loire,UNION SPORTIVE DE CHAMBRAY
38,Isere,1 CIE ARC PONTCHARRA
38,Isere,1 CIE D'ARC DE VILLEFONTAINE
38,Isere,1ERE CIE ASF/LES ARCHERS DU DRAC
38,Isere,1ERE CIE D'ARC DU DAUPHINE
38,Isere,1ERE CIE DE TIR A L'ARC DE VOIRON
38,Isere,ARC CLUB VIENNOIS
38,Isere,ARC VOREPPIN
38,Isere,ARCHERS DES 7 LAUX
38,Isere,ASPTT NORD ISERE TIR A L ARC
38,Isere,ASSOC.SPORTIVE DU CENGA GRENOBLE
38,Isere,CIE ARC LANS EN VERCORS
38,Isere,CIE D'ARCHERS D'HEYRIEUX
38,Isere,CIE DES ARCHERS DE RIVES
38,Isere,CLUB DES ARCHERS MUROIS
38,Isere,COMPAGNIE DES ARCHERS DE LA SURE
38,Isere,L'ISLE D'ABEAU ARC CLUB
38,Isere,LES ARCHERS BERJALLIENS
38,Isere,LES ARCHERS DE CHEVALEREUSE
38,Isere,LES ARCHERS DE CLAIXWOOD
38,Isere,LES ARCHERS DE L OVALIE
38,Isere,LES ARCHERS DE LA JEUNE FRANCE
38,Isere,LES ARCHERS DE ROCHASSON A MEYLAN
38,Isere,LES ARCHERS DE ST MARCELLIN
38,Isere,LES ARCHERS DES MONDALINES
38,Isere,LES ARCHERS DU RHODIA
38,Isere,LES ARCHERS DU TRERY
38,Isere,LES ARCHERS ST CLAIROIS
38,Isere,MJC COTE ST ANDRE - TIR A L'ARC
38,Isere,TIR A L'ARC VEZERONTIN
38,Isere,USC TIR A L'ARC
39,Jura,1ERE CIE DES ARCHERS DE MONTCIEL
39,Jura,A.S.P.T.T.
39,Jura,ARC JURA TAVAUX
39,Jura,ARCHERS DE LACUZON
39,Jura,CIE ARCHERS MONTALEGRE
39,Jura,CIE DES ARCHERS DE LA PETITE MONTAGNE
39,Jura,CIE DES ARCHERS DU VAL D'AMOUR
39,Jura,LES ARCHERS DE MONTRIVEL
39,Jura,LES ARCHERS DU LIZON
39,Jura,LES COMPAGNONS DE L'ABBAYE
39,Jura,SOCIETE DE L'ARC DE DOLE
40,Landes,ARC GETMAU
40,Landes,ARCHERS D'AZUR
40,Landes,ARCHERS DE SAINT PIERRE DU MONT
40,Landes,ARCHERS DU PAYS D'ORTHE
40,Landes,BISCARROSSE OLYMPIQUE
40,Landes,CIE D'ARCHERS PONTENX LES FORGES
40,Landes,CIE DES ARCHERS DE MESSANGES
40,Landes,LA JEANNE D'ARC DE DAX
40,Landes,LAGLORIEUSE ARTASSENX ARC CLUB
40,Landes,LES ARCHERS DU LUY
41,Loir-et-Cher,A.S.LAMOTTE LES PLUMES D'OR
41,Loir-et-Cher,ABEILLE DES AYDES
41,Loir-et-Cher,ARCHER CLUB VENDOMOIS
41,Loir-et-Cher,CLUB DES JEUNES TIR A L'ARC
41,Loir-et-Cher,COMPAGNIE ARCHERS EVEIL DE CONTRES
41,Loir-et-Cher,LA FLECHE DE DROUE
41,Loir-et-Cher,LES ARCHERS DE CHOUZY SUR CISSE
41,Loir-et-Cher,LES ARCHERS MONTOIRIENS
41,Loir-et-Cher,LES ARCHERS SELLOIS
41,Loir-et-Cher,ROTO SPORTS
41,Loir-et-Cher,SAINT MARTIN SPORTS
41,Loir-et-Cher,SALBRIS TIR A L'ARC
41,Loir-et-Cher,TIR A L ARC CONTROIS
41,Loir-et-Cher,VINEUIL SPORTS TIR A L'ARC
42,Loire,1ERE CIE ARCHERS ST CHAMOND
42,Loire,1ERE CIE DES ARCHERS
42,Loire,A.S.J.A.T.
42,Loire,ARC CLUB ROANNAIS
42,Loire,CLUB MONTBRISONNAIS DE TIR A L'ARC
42,Loire,DIANE CLUB
42,Loire,ENVOL DE FEURS
42,Loire,F.A.C TIR A L'ARC
42,Loire,JEANNE D'ARC D'IZIEUX
42,Loire,LES ARCHERS DE MABLY
42,Loire,LES ARCHERS DES REMPARTS
42,Loire,LES ARCHERS DU PILAT
42,Loire,UNIEUX TIR A L ARC
43,Loire (Haute),1ERE CIE D'ARCHERS DU VELAY
43,Loire (Haute),1ERE CIE DES ARCHERS DU CHALIERGUE
43,Loire (Haute),ARCAM'YS LES ARCHERS DU PAYS DES SUCS
43,Loire (Haute),CLUB DE L'ARC EN MAIN
43,Loire (Haute),CLUB OMNISPORTS INTER COMMUNAL
43,Loire (Haute),INSTINCT D'ARC
43,Loire (Haute),LA FLECHE COSTAROSSIENNE
43,Loire (Haute),LES ARCHERS DE LA JEUNE LOIRE
43,Loire (Haute),LES ARCHERS DE ROCHEBARON
43,Loire (Haute),LES ARCHERS DE VEDRINES
43,Loire (Haute),LES ARCHERS DES BORDS DE LOIRE
43,Loire (Haute),LES ARCHERS DU FLEUVE
43,Loire (Haute),LES ARCHERS PRADELAINS
44,Loire-Atlantique,A.S.C.E. TIR A L'ARC
44,Loire-Atlantique,A.S.CORDEMAIS TIR ARC
44,Loire-Atlantique,ARC NATURE VALLETAIS
44,Loire-Atlantique,ARC'HAYE
44,Loire-Atlantique,ARCHER PHILIBERTIN
44,Loire-Atlantique,ARCHERS D'ORVAULT
44,Loire-Atlantique,ARCHERS DE L'ERDRE
44,Loire-Atlantique,ARCHERS DE LA MEE
44,Loire-Atlantique,ARCHERS DE ST HERBLAIN
44,Loire-Atlantique,ARCHERS DU GOTHA
44,Loire-Atlantique,ARCHERS NANTAIS
44,Loire-Atlantique,ASS. DU QUARTIER DE DOULON
44,Loire-Atlantique,B.G.A.C.
44,Loire-Atlantique,CIE ARCHERS BOUGUENAIS
44,Loire-Atlantique,CIE ARCHERS DE VERTOU
44,Loire-Atlantique,CIE D ARC DE GUERANDE
44,Loire-Atlantique,CIE D'ARC OLIVIER DE CLISSON
44,Loire-Atlantique,CIE DES ARCHERS DU PE
44,Loire-Atlantique,CIE LES FLECHES DONGEOISES
44,Loire-Atlantique,CLUB SPORTIF MONTOIRIN
44,Loire-Atlantique,COMPAGNIE DES ARCHERS DU BRIVET
44,Loire-Atlantique,ETOILE SPORTIVE COUERONNAISE
44,Loire-Atlantique,LA FLECHE RAGONNAISE
44,Loire-Atlantique,LES ARCHERS DE L'E.S.B
44,Loire-Atlantique,LES ARCHERS DU MES
44,Loire-Atlantique,LES ARCHERS DU PAYS D'ANCENIS
44,Loire-Atlantique,LES ARCHERS DU VAL DE SEVRE
44,Loire-Atlantique,LES ARCHERS PIRIACAIS
44,Loire-Atlantique,LES ARCHERS PORNICAIS
44,Loire-Atlantique,LES FLECHES TURBALLAISES
44,Loire-Atlantique,LES JEUNES DES TOUCHES
44,Loire-Atlantique,SAINT NAZAIRE OLYMPIQUE SPORTIF
45,Loiret,1 ERE COMPAGNIE D'ARC
45,Loiret,ARCHERS DE LA ROSE
45,Loiret,AVENIR COURTENAY TIR A L'ARC
45,Loiret,B.R.G.M. SECTION TIR A L'ARC
45,Loiret,CIE AMILLY
45,Loiret,CIE DES ARCHERS DU SULLIAS
45,Loiret,CIE DES ARCHERS DU VAL D'OR
45,Loiret,COMPAGNIE DES ARCHERS DIONYSIENS
45,Loiret,ENTENTE SPORTIVE DU COSSON
45,Loiret,ENTENTE SPORTIVE GATINAISE
45,Loiret,ETOILE BALGENTIENNE
45,Loiret,FLEURY LES AUBRAIS-SARAN
45,Loiret,LES ARCHERS D INGRE
45,Loiret,LES ARCHERS D OUZOUER
45,Loiret,LES ARCHERS DE LA S.M.O.C.
45,Loiret,LES ARCHERS DE LANCELOT DU LAC
45,Loiret,LES ARCHERS DE NEUVILLE
45,Loiret,LES CHARDONS
45,Loiret,OLIVET TIR A L'ARC
45,Loiret,PERS UNION MULTI ACTIVITES
45,Loiret,SAINT JEAN LE BLANC TIR A L'ARC
45,Loiret,ST JEAN DE LA RUELLE TIR A L'ARC
46,Lot,1ERE COMPAGNIE D'ARC
46,Lot,ARCHERS DU CAUSSE DE GRAMAT
46,Lot,ATHLE 46 SECTION TIR A L'ARC
46,Lot,L'ARC DE LA BUTTE
46,Lot,LES ARCHERS DE FIGEAC
46,Lot,TIR A L'ARC
47,Lot-et-Garonne,ARCHER CLUB TONNEINQUAIS
47,Lot-et-Garonne,ARCHERS CLUB MARMANDAIS
47,Lot-et-Garonne,ARCHERS DE BOE
47,Lot-et-Garonne,ARCHERS DE LA TENAREZE
47,Lot-et-Garonne,CIE DES ARCHERS DU ROY DE NERAC EN VAL D'ALBRET
47,Lot-et-Garonne,CLUB ARCHERS AIGUILLONNAIS
47,Lot-et-Garonne,CLUB DES ARCHERS MEILHANAIS
47,Lot-et-Garonne,FLECHE DES PORTES DE GASCOGNE
47,Lot-et-Garonne,L ARC D AGNAC
47,Lot-et-Garonne,LES ARCHERS DE L'OUSTAU
47,Lot-et-Garonne,LES ARCHERS DE TOMBEBOEUF
47,Lot-et-Garonne,LES ARCHERS DES BASTIDES
47,Lot-et-Garonne,LES ARCHERS DES CENTS TOURS
47,Lot-et-Garonne,TIR 2000
48,Lozere,1RE CIE D'ARCHERS DE MARVEJOLS
48,Lozere,ARC CLUB DE MEYRUEIS
48,Lozere,ARCHERS BARRABANS
48,Lozere,CIE DES ARCHERS DE CHANAC
48,Lozere,COMPAGNIE ARCHERS MENDE
48,Lozere,COMPAGNIE ARCHERS VILLEFORT
48,Lozere,LANGOGNE ARC CLUB
48,Lozere,LES ARCHERS DE LA FARE - 1ERE CIE CHIRAC
48,Lozere,LES ARCHERS DE LA TERRE DE PEYRE
49,Maine-et-Loire,ARC ECOUFLANT
49,Maine-et-Loire,ARCHERS DU PARADIS
49,Maine-et-Loire,ASDN TIR A L'ARC
49,Maine-et-Loire,C.O.AJAX DE DAUMERAY
49,Maine-et-Loire,CIE DES ARCHERS DU S.O CANDEEN
49,Maine-et-Loire,CIE GORONNAISE TIR A L'ARC
49,Maine-et-Loire,ENERGIE TIR A L'ARC
49,Maine-et-Loire,J.A. SAUMUR TIR A L'ARC
49,Maine-et-Loire,JEUNE FRANCE OMNISPORTS
49,Maine-et-Loire,LA FLECHE AU COEUR DES MAUGES
49,Maine-et-Loire,LA FLECHE MACAIROISE
49,Maine-et-Loire,LES ARCHERS CHEMILLOIS
49,Maine-et-Loire,LES ARCHERS DE L'AUBANCE
49,Maine-et-Loire,LES ARCHERS DE MESSIRE B. DUGUESCLIN
49,Maine-et-Loire,LES ARCHERS DU VAL D AUTHION
49,Maine-et-Loire,MONTREUIL JUIGNE TIR A L'ARC
49,Maine-et-Loire,S G T A - TIR A L'ARC
49,Maine-et-Loire,TIR A L ARC CHOLETAIS
50,Manche,A.S.A.M. TIR A L'ARC CHERBOURG-OCTEVILLE
50,Manche,ARC CLUB ST LOIS
50,Manche,ARCHERS DE LA ROSE AU BOUAIS
50,Manche,ARCHERS DU HARCOUET
50,Manche,ARCHERS SOURDINS
50,Manche,ASSOCIATION DES ARCHERS PIEUSAIS
50,Manche,ASSUN TIR A L'ARC
50,Manche,CIE D'ARC JEAN DE MATIGNON
50,Manche,CLUB DES ARCHERS DE LA HAGUE
50,Manche,COMPAGNIE DES ARCHERS BREHALAIS
50,Manche,FRANCS ARCHERS D'AGNEAUX
50,Manche,LES ARCHERS DES ABRINCATES
50,Manche,LES ARCHERS DONVILLAIS
50,Manche,LES ARCHERS DU MARAIS
50,Manche,LES ARCONIES
50,Manche,OHS CHERBOURG-OCTEVILLE
50,Manche,S.A.E.L.
51,Marne,1ERE COMPAGNIE D ARC DE CHALONS EN CHAMP
51,Marne,ARCHERIE DES GOTHS
51,Marne,ARCHERY DES LOUPS
51,Marne,CIE D ARC DE FISMES
51,Marne,CIE D'ARC DE REIMS
51,Marne,CIE DES ARCHERS VERTUSIENS
51,Marne,CLUB DES ARCHERS ARGONNAIS
51,Marne,CLUB EPERNAY DE TIR A L'ARC
51,Marne,CLUB SP.GAR.MOURMELON
51,Marne,LES ARCHERS CHALONNAIS
51,Marne,LES ARCHERS DE LA COOLE
51,Marne,LES ARCHERS DE LA SUIPPE
51,Marne,LES ARCHERS DE MAREUIL SUR AY
51,Marne,LES ARCHERS DE TAISSY
51,Marne,MJEP CORMONTREUIL ARC
51,Marne,SECTION TIR A L'ARC FJEP
51,Marne,STR
52,Marne (Haute),1 ERE COMPAGNIE DE CHAUMONT
52,Marne (Haute),1ERE COMPAGNIE D'ARC ECLARON
52,Marne (Haute),CLUB DES CASTORS BLEUS
52,Marne (Haute),LA FLECHE BRAGARDE
52,Marne (Haute),LES ARCHERS DES SOURCES
52,Marne (Haute),LES ARCHERS DU VALLAGE
52,Marne (Haute),S.L.O. TIR A L'ARC
53,Mayenne,CIE ST GEORGES DE LAVAL
53,Mayenne,CIE ST GEORGES DE MESLAY DU MAINE
53,Mayenne,CLUB ATHLETIQUE EVRONNAIS
53,Mayenne,CLUB ATHLETIQUE MAYENNAIS
53,Mayenne,ETOILE SPORTIVE IZEENNE TIR A L'ARC
53,Mayenne,LA FLECHE JAVRONNAISE
53,Mayenne,LES ARCHERS ANDOLLEENS
53,Mayenne,LES ARCHERS DE L'US CHANGE
53,Mayenne,MJC AMBRIERES LES VALLEES
53,Mayenne,UNION SPORTIVE GENESTOISE
54,Meurthe-et-Moselle,1 CIE VANDOEUVRE
54,Meurthe-et-Moselle,1ERE CIE D'ARC DU TOULOIS
54,Meurthe-et-Moselle,1ERE CIE DE TIR A L'ARC DE NANCY
54,Meurthe-et-Moselle,1ERE COMPAGNIE DES ARCHERS
54,Meurthe-et-Moselle,AF PULLIGNY TIR A L'ARC
54,Meurthe-et-Moselle,ARCHER CLUB DE LONGWY
54,Meurthe-et-Moselle,ASCE SECTION TIR A L'ARC
54,Meurthe-et-Moselle,CIE D'ARC DE SEICHAMPS
54,Meurthe-et-Moselle,CIE DE TIR A L'ARC
54,Meurthe-et-Moselle,CIE TIR A L'ARC DE DOMBASLE
54,Meurthe-et-Moselle,CLUB ARCHERS MUSSIPONTAINS
54,Meurthe-et-Moselle,CLUB DES ARCHERS DE VARANGEVILLE
54,Meurthe-et-Moselle,COMPAGNIE DE NEUVES MAISONS
54,Meurthe-et-Moselle,LA CHAMPIGNEULLAISE
54,Meurthe-et-Moselle,LA FLECHE D'AFFRIQUE LUDREENNE
54,Meurthe-et-Moselle,LA FLECHE HOMECOURTOISE
54,Meurthe-et-Moselle,LE CARQUOIS D'OR
54,Meurthe-et-Moselle,LES ARCHERS DU SANON
54,Meurthe-et-Moselle,LES ARCHERS LUNEVILLOIS
54,Meurthe-et-Moselle,LES HALBUTIERS DU BASSIN DE LA
54,Meurthe-et-Moselle,O.F.P. SECTION TIR A L'ARC
54,Meurthe-et-Moselle,PONT SAINT VINCENT
55,Meuse,ARC BREUX LOISIRS
55,Meuse,L.S.G TIR A L'ARC
55,Meuse,L'ARC VIDUSIEN
55,Meuse,LES ARCHERS COMMERCIENS
55,Meuse,LES ARCHERS DE LA WOEVRE
55,Meuse,LES ARCHERS DES COTES DE MEUSE
55,Meuse,LES FLECHES BARISIENNES
55,Meuse,LES FRANCS ARCHERS DU VERDUNOIS
56,Morbihan,ARCHER DE LA TABLE RONDE
56,Morbihan,ARCHERS D'VILAINE
56,Morbihan,ARCHERS DE KERVIGNAC
56,Morbihan,ARCHERS DE PONTIVY
56,Morbihan,ARCHERS DE RICHEMONT
56,Morbihan,ARCHERS DE SURZUR
56,Morbihan,ARMORICAINE DE PEAULE - ARCHERS DE PEAULE
56,Morbihan,AS ST SEBASTIEN TIR A L'ARC
56,Morbihan,ASAL
56,Morbihan,ASPTT VANNES SECTION TIR A L'ARC
56,Morbihan,CIE DES ARCHERS DU RAIL D AURAY
56,Morbihan,CLUB DES LOISIRS POPULAIRES
56,Morbihan,CSQ ARCHERS QUEVENOIS
56,Morbihan,LA FLECHE JOSSELINAISE
56,Morbihan,LANGROEZ ARC
56,Morbihan,LES ARCHERS D'EXCALIBUR
56,Morbihan,LES ARCHERS DE CLEGUEREC
56,Morbihan,LES ARCHERS DE CRANHAC
56,Morbihan,LES ARCHERS DE PLOUHINEC
56,Morbihan,LES ARCHERS DE RHUYS
56,Morbihan,LES ARCHERS DU GOLFE
56,Morbihan,LES FLECHES D'ARZ
57,Moselle,1 CTA DE THIONVILLE
57,Moselle,1ERE CIE ARC MOYEUVRE
57,Moselle,1ERE CIE D ARC DE ROMBAS
57,Moselle,1ERE CIE DE TIR A L'ARC
57,Moselle,1ERE CIE TIR ARC
57,Moselle,1ERE COMPAGNIE D'ARC HAYANGE
57,Moselle,ARCHER CLUB FAMECKOIS
57,Moselle,ARCHERS GORZIENS
57,Moselle,ARS SUR MOSELLE OLYMPIQUE
57,Moselle,CIE ARC FOLSCHVILLER
57,Moselle,CIE ARCHERS BOUZONVILLE
57,Moselle,CIE DES ARCHERS DE FORBACH
57,Moselle,CIE DES ARCHERS DE STIRING-WENDEL
57,Moselle,CLTEP SECTION TIR A L'ARC
57,Moselle,ENTENTE SPORTIVE HAGONDANGE
57,Moselle,FAREBERSVILLER
57,Moselle,JSA 1ERE CIE D'ARC
57,Moselle,L'ARC FAULQUINOIS
57,Moselle,LA FLECHE BITCHOISE
57,Moselle,LES ARCHERS DE CREUTZWALD
57,Moselle,LES ARCHERS DE MARANGE SILVANGE
57,Moselle,LES ARCHERS DE MARLY-POURNOY LA CHETIVE
57,Moselle,LES ARCHERS DU ST QUENTIN ASC METZ
57,Moselle,LES ATHABASCANS
57,Moselle,MONTIGNY LES METZ
57,Moselle,SOCIETE DE TIR
59,Nord,A.S.T.A. WERVICQ-SUD
59,Nord,ARCHERS CLUB DE GAYANT
59,Nord,ARCHERS DE LA GORGUE
59,Nord,ARCHERS DE LA SAMBRE
59,Nord,ARCHERS DE MORMAL
59,Nord,ARCHERS DU GROENBERG
59,Nord,ARCHERS ESCAUDINOIS
59,Nord,ARCHERS LEERSOIS L.O.S.
59,Nord,ASETA AULNOYE
59,Nord,ASSOC. DES ARCHERS DE MARLY
59,Nord,ASSOCIATION TIR A L ARC WATTRELOS
59,Nord,CENTRE PLEIN AIR BASSIN ROND
59,Nord,CIE ARCHERS DE BAVAY ROMAINE
59,Nord,CIE ARCHERS ST SEBASTIEN
59,Nord,CIE D'ARC DE COUDEKERQUE
59,Nord,CIE D'ARC DE LILLE
59,Nord,CIE D'ARC ROUBAIX ST SEBASTIEN
59,Nord,CIE DE CHASSE AMANDINOISE
59,Nord,COMPAGNIE DES ARCHERS
59,Nord,CONFRERIE D'ARC ST SEBASTIEN TOURCOING
59,Nord,CYSOING SAINT SEBASTIEN
59,Nord,DUNKERQUE GUILLAUME TELL
59,Nord,ENTENTE SAINT SEBASTIEN
59,Nord,FRANCS ARCHERS RONCQ
59,Nord,GRAVELINES ARCHERIE CLUB
59,Nord,LA COMPAGNIE D'ARC DE STEENWERCK
59,Nord,LA FLECHE JEUMONTOISE
59,Nord,LES AMIS DE ROBIN
59,Nord,LES AMIS REUNIS
59,Nord,LES ARCHERS D'AVESNELLES
59,Nord,LES ARCHERS D'ONNAING
59,Nord,LES ARCHERS DE DOIGNIES
59,Nord,LES ARCHERS DE L'ECREVISSE
59,Nord,LES ARCHERS LINSELLOIS
59,Nord,LES ARCHERS QUESNOY SUR DEULE
59,Nord,LES FRANCS ARCHERS D'AULNOY LEZ VALENCIENNES
59,Nord,OLYMPIQUE DE GRANDE SYNTHE TIR A L'ARC
59,Nord,OSML TIR A L'ARC
59,Nord,S.M.P.S. PETITE SYNTHE
59,Nord,SAINT SEBASTIEN VILLENEUVOISE
59,Nord,SECLINOISE ARCHERIE
59,Nord,SPINNEWYN TIR A L'ARC
59,Nord,ST SEBASTIEN BOUSBECQUE
59,Nord,STE DES ARCHERS DE ST AMAND
59,Nord,TIR A L'ARC COURCHELETTES
59,Nord,V.U.C. TIR A L'ARC
60,Oise,1 CIE ARC GD ST MARTIN
60,Oise,1 ERE COMPAGNIE D'ARC D'ORRY LA VILLE
60,Oise,1ERE CIE D ARC BETHISY ST MARTIN
60,Oise,1ERE CIE D ARC DE CHANTILLY
60,Oise,1ERE CIE D ARC DE NANTEUIL
60,Oise,1ERE CIE D'ARC DE GOUVIEUX
60,Oise,1ERE CIE D'ARC LE PLESSIS BELLEVILLE
60,Oise,2EME COMPAGNIE D'ARC
60,Oise,ACLES SECTION TIR A L ARC
60,Oise,ASS SPORTIVE AGNETZ TIR A L'ARC
60,Oise,AVILLY
60,Oise,C. A. JEANNE HACHETTE
60,Oise,CIE ARC DE LASSIGNY
60,Oise,CIE D ARC DE CHAMANT
60,Oise,CIE D ARC GUISCARD
60,Oise,CIE D'ARC D'APREMONT
60,Oise,CIE D'ARC D'ARSY
60,Oise,CIE D'ARC D'ATTICHY
60,Oise,CIE D'ARC D'IVORS
60,Oise,CIE D'ARC DE BEAULIEU LES FONTAINES
60,Oise,CIE D'ARC DE BONNEUIL EN VALOIS
60,Oise,CIE D'ARC DE BOURSONNE
60,Oise,CIE D'ARC DE BREGY - LES ENFANTS DE BAYARD
60,Oise,CIE D'ARC DE BUSSY
60,Oise,CIE D'ARC DE CARLEPONT
60,Oise,CIE D'ARC DE CHAMBLY
60,Oise,CIE D'ARC DE CUISE LA MOTTE
60,Oise,CIE D'ARC DE DUVY
60,Oise,CIE D'ARC DE FLEURINES
60,Oise,CIE D'ARC DE GOURNAY SUR ARONDE
60,Oise,CIE D'ARC DE JAUX
60,Oise,CIE D'ARC DE JONQUIERES
60,Oise,CIE D'ARC DE LARBROYE
60,Oise,CIE D'ARC DE MONCHY
60,Oise,CIE D'ARC DE MONTAGNY STE FELICITE
60,Oise,CIE D'ARC DE NOYON
60,Oise,CIE D'ARC DE PIERREFONDS
60,Oise,CIE D'ARC DE RETHONDES
60,Oise,CIE D'ARC DE RIEUX
60,Oise,CIE D'ARC DE ROUVRES EN MULTIEN
60,Oise,CIE D'ARC DE SALENCY
60,Oise,CIE D'ARC DE THOUROTTE
60,Oise,CIE D'ARC DE TRACY LE MONT
60,Oise,CIE D'ARC DE VAUCIENNES
60,Oise,CIE D'ARC DE VAUMOISE
60,Oise,CIE D'ARC DE VERBERIE
60,Oise,CIE D'ARC DE VILLE
60,Oise,CIE D'ARC DU MONTAUBAN
60,Oise,CIE D'ARC DU PLESSIS BRION
60,Oise,CIE D'ARC L'ESPERANCE
60,Oise,CIE D'ARC LA JANVILLOISE
60,Oise,CIE D'ARC MORLINCOURT
60,Oise,CIE DE CREPY EN VALOIS
60,Oise,CIE DE LA CROIX ST OUEN
60,Oise,CIE DE SENLIS PORTE DE MEAUX
60,Oise,COMPAGNIE D'ARC BETHISY ST PIERRE
60,Oise,COMPAGNIE D'ARC D'ESTREES
60,Oise,COMPAGNIE D'ARC DE BETZ
60,Oise,COMPAGNIE D'ARC DE BURY
60,Oise,COMPAGNIE D'ARC DE CHOISY AU BAC
60,Oise,COMPAGNIE D'ARC DE CIRES LES MELLO
60,Oise,COMPAGNIE D'ARC DE CLAIROIX
60,Oise,COMPAGNIE D'ARC DE COUDUN
60,Oise,COMPAGNIE D'ARC DE PLAILLY
60,Oise,COMPAGNIE D'ARC DE REMY
60,Oise,COMPAGNIE D'ARC DE ST MAXIMIN
60,Oise,COMPAGNIE D'ARC DE VIGNEMONT
60,Oise,COMPAGNIE D'ARC DE VILLERS
60,Oise,COMPAGNIE D'ARCHER DE CINQUEUX
60,Oise,LA CHAPELLE EN SERVAL
60,Oise,LA FLECHE DE NACRE
60,Oise,LA MEDIEVALE D'ANGY CIE D'ARC
60,Oise,LES ARCHERS DE BRESLES
60,Oise,LES ARCHERS DE COMPIEGNE
60,Oise,LES ARCHERS RESSONTOIS
60,Oise,LES RENARDS DE BORNEL
60,Oise,NOGENT SUR OISE
60,Oise,PONTOISE LES NOYON
60,Oise,PRECY / OISE
60,Oise,SAINT LEU D'ESSERENT
61,Orne,A S BANVOU
61,Orne,AMICALE LAIQUE DE SEES
61,Orne,ASPTT ALENCON
61,Orne,BAYARD ARGENTAN
61,Orne,CAF RISL'ADVENTURE SECTION TIR A L'ARC
61,Orne,COMPAGNIE D' ARC DOMFRONTAISE
61,Orne,LES ARCHERS DES DUCS
61,Orne,PETITE A
61,Orne,UNION SPORTIVE MORTAGNE
75,Paris,A S MESSINE PARIS
75,Paris,AFRPC LES ARCHERS DE LA CHAPELLE
75,Paris,APSAP VILLE DE PARIS
75,Paris,ARC CLUB PARIS 12
75,Paris,ARCHERS DES TROIS LYS
75,Paris,ASS. SPORT. RENCONTRES
75,Paris,CERCLE DE PARIS O.L.
75,Paris,CIE D ARC DE LA MONNAIE
75,Paris,CIP INTER ACTIVITES
75,Paris,COMPAGNIE CECI-ARC DE PARIS
75,Paris,LES ARCHERS DE PARIS
75,Paris,PARIS 13 - USCMB
75,Paris,PARIS ARC CLUB
75,Paris,SECTION OLYMPIQUE ST MEDARD
75,Paris,US GAZELEC IDF
75,Paris,USMT PARIS 13
62,Pas-de-Calais,1ERE COMPAGNIE DE TIR A L'ARC USM
62,Pas-de-Calais,1ERE COMPAGNIE LE TOUQUET
62,Pas-de-Calais,A.O.S. TIR A L'ARC
62,Pas-de-Calais,AMICALE LAIQUE DE FRUGES
62,Pas-de-Calais,ARC CLUB DE WINGLES DOUVRIN BILLY BERCLA
62,Pas-de-Calais,ARCHERS DU TERNOIS
62,Pas-de-Calais,CIE D ARCHERS DE CARVIN
62,Pas-de-Calais,CIE DE TIR A L'ARC OIGNIES
62,Pas-de-Calais,CLUB DES ARCHERS BOULONNAIS
62,Pas-de-Calais,CLUB HANDISPORT DU CALAISIS
62,Pas-de-Calais,COMPAGNONS DU TIR A L'ARC
62,Pas-de-Calais,FRANCS TIREURS ARTESIENS
62,Pas-de-Calais,LA FLECHE AIROISE
62,Pas-de-Calais,LA FLECHE ETAPLOISE
62,Pas-de-Calais,LE BLASON BERCKOIS HAND.PHYSIQ
62,Pas-de-Calais,LES ARCHERS AUCHELLOIS
62,Pas-de-Calais,LES ARCHERS DE CUINCHY
62,Pas-de-Calais,LES ARCHERS DES DUNES
62,Pas-de-Calais,LES ARCHERS DU RAVIN
62,Pas-de-Calais,LES ARCHERS REUNIS
62,Pas-de-Calais,LES ARCHERS TYPES DE LIBERCOURT
62,Pas-de-Calais,LES FRANCS ARCHERS DE BEAURAINS
62,Pas-de-Calais,RACING CLUB D'ARRAS TIR A L'ARC
62,Pas-de-Calais,ZOTEUX ARCHERIE CLUB
63,Puy-de-Dome,AR'CLUB LAND
63,Puy-de-Dome,ARC CLUB CHAMALIERES
63,Puy-de-Dome,ASCAIA
63,Puy-de-Dome,CIE ARCHERS CLERMONTOIS
63,Puy-de-Dome,CIE DES ARCHERS ELOYSIENS
63,Puy-de-Dome,GEL'ARC
63,Puy-de-Dome,LES ARCHERS BLANZATOIS
63,Puy-de-Dome,LES ARCHERS DE CHATEL GUYON
63,Puy-de-Dome,LES ARCHERS DE MIREFLEURS
63,Puy-de-Dome,LES ARCHERS RIOMOIS
63,Puy-de-Dome,LEZOUX ARC RACING CLUB
63,Puy-de-Dome,MARINGUES ARC CLUB
63,Puy-de-Dome,THIERS ARC CLUB
63,Puy-de-Dome,USI TIR A L'ARC
65,Pyrenees (Hautes),2 IE ARCHERS D ESTEOUS
65,Pyrenees (Hautes),ARCHERS BANDOULIERS
65,Pyrenees (Hautes),ARCHERS DE BIGORRE
65,Pyrenees (Hautes),COMPAGNIE DES ARCHERS D'ADE
65,Pyrenees (Hautes),LES ARCHERS DE BARBAZAN
65,Pyrenees (Hautes),LES ARCHERS DE BATSURGUERE
65,Pyrenees (Hautes),LES ARCHERS DE FEBUS
65,Pyrenees (Hautes),SEMEAC OLYMPIQUE TIR A L'ARC
64,Pyrenees-Atlantiques,ARCHERS DE LARRUN
64,Pyrenees-Atlantiques,ARCHERS DU PIEMONT OLORONAIS (A.P.O)
64,Pyrenees-Atlantiques,ASS SPORT ET CULT TURBOMECA
64,Pyrenees-Atlantiques,COMPAGNONS DE L'ARC
64,Pyrenees-Atlantiques,LA FLECHE ORTHEZIENNE
64,Pyrenees-Atlantiques,LES ARCHERS DE LA HUMADE
64,Pyrenees-Atlantiques,LES ARCHERS DU LUY DE FRANCE
64,Pyrenees-Atlantiques,LES ROBINS BEARNAIS
64,Pyrenees-Atlantiques,LOS ARQUES DE L'OUSSE
64,Pyrenees-Atlantiques,S.I.C.S.- B.T TIR A L'ARC
66,Pyrenees-Orientales,ARCHERS DE LA TOUREZE
66,Pyrenees-Orientales,ARCHERS DE ST CYPRIEN
66,Pyrenees-Orientales,ARCHERS DU VALLESPIR
66,Pyrenees-Orientales,ARCHERS ST MARINOIS
66,Pyrenees-Orientales,CIE DES ARCHERS DES ALBERES
66,Pyrenees-Orientales,LES ARCHERS CATALANS - PERPIGNAN
66,Pyrenees-Orientales,LES ARCHERS DE BOMPAS
66,Pyrenees-Orientales,LES ARCHERS DE LLUPIA
66,Pyrenees-Orientales,LES ARCHERS DU CONFLENT-PRADES
69,Rhone,1ERE CIE ARCHERS DE LYON
69,Rhone,1ERE CIE DE TIR A L'ARC TARARE
69,Rhone,A.S.C.U.L. TIR A L'ARC
69,Rhone,AMTTA
69,Rhone,ARC EN CIEL ST PRIEST
69,Rhone,ARCHERS DE LUGDUNUM VII
69,Rhone,ARCHERS DE MARCY CHARBONNIERES
69,Rhone,ARCHERS SAINT GENOIS
69,Rhone,ASCMO LISSIEU
69,Rhone,ASCS TIR A L'ARC
69,Rhone,BRON TIR A L'ARC
69,Rhone,C.T.A. MAJOLANE
69,Rhone,CHASSIEU TIR A L'ARC
69,Rhone,CIE ARCHERS ANSOIS
69,Rhone,CIE D'ARCHERS DE DARDILLY
69,Rhone,CIE D'ARCHERS IRIGNOIS
69,Rhone,CIE DES ARCHERS CALADOIS
69,Rhone,CIE DES ARCHERS LOZANNAIS
69,Rhone,CIE TIR ARC DE PUSIGNAN
69,Rhone,COMPAGNIE DE TIR A L'ARC
69,Rhone,COMPAGNIE HERACLES
69,Rhone,ESPERANCE ET VAILLANTES
69,Rhone,EXCELSIOR
69,Rhone,GROUPE SPORTIF LUGDUNUM
69,Rhone,LA FRATERNELLE D'OULLINS
69,Rhone,LES ARCHERS D'AMPLEPUIS
69,Rhone,LES ARCHERS DE BRON
69,Rhone,LES ARCHERS DE CALUIRE
69,Rhone,LES ARCHERS DE CORBAS
69,Rhone,LES ARCHERS DE CORNAVAN
69,Rhone,LES ARCHERS DE L'OUEST
69,Rhone,LES ARCHERS DES MONTS DU LYONNAIS
69,Rhone,LES ARCHERS DU 9EME
69,Rhone,LES LIONS DU 8EME
69,Rhone,MJC DE L'ARBRESLE
69,Rhone,P.A.N.D.A.
69,Rhone,REN'ARC
69,Rhone,RHONE POULENC SPECIA
69,Rhone,SAGITTAIRE
69,Rhone,ST LAURENT DE CHAMOUSSET TIR A L'ARC
69,Rhone,TAGGS
69,Rhone,TIR OLYMPIQUE VIENNOIS
70,Saone (Haute),1 CIE ARCHER LURON
70,Saone (Haute),1ERE COMPAGNIE D'ARC DE VESOUL
70,Saone (Haute),1ERE COMPAGNIE DES DEUX TOURS
70,Saone (Haute),ARCS CHASSES LOISIRS HAUTE SAONE
70,Saone (Haute),CIE D'ARC DE LA VALLEE DU RAHIN
70,Saone (Haute),COMPAGNONS DU 6EME SENS
70,Saone (Haute),LES ARCHERS DES MONTS DE GY
70,Saone (Haute),LES ARCHERS DU BOIS CHATELARD
70,Saone (Haute),LES ARCHERS DU CONEY
70,Saone (Haute),LES ARCHERS DU VAL DE L'OGNON
70,Saone (Haute),LES COMPAGNONS D ARCHERUS
70,Saone (Haute),LES COMPAGNONS DES 3 FLAMMES
71,Saone-et-Loire,1ERE CIE D'ARCHERS EPINACOISE
71,Saone-et-Loire,ARC CLUB MONTCEAU BOURGOGNE
71,Saone-et-Loire,ARCHER CLUB DU CREUSOT
71,Saone-et-Loire,CIE D'ARCHERS LES BARABANS
71,Saone-et-Loire,CIE DES ARCHERS BRESSANS
71,Saone-et-Loire,CIE DES ARCHERS D'ETRIGNY
71,Saone-et-Loire,CIE DES ARCHERS LOUHANNAIS
71,Saone-et-Loire,COMPAGNIE D'ARC D'AUTUN
71,Saone-et-Loire,COMPAGNIE DES ARCHERS GUEUGNONNAIS
71,Saone-et-Loire,COMPAGNIE DES ARCHERS MACONNAIS
71,Saone-et-Loire,FRANCS ARCHERS CHALONNAIS
71,Saone-et-Loire,LES ARCHERS BOURBONNIENS
71,Saone-et-Loire,LES ARCHERS CHAGNOTINS
71,Saone-et-Loire,LES ARCHERS TOUR ST NICOLAS
72,Sarthe,ARC DU MAINE (LE MANS)
72,Sarthe,ASSOC. NOUVELLE DES ARCHERS DE LA NATURE - LE MANS
72,Sarthe,ASSOCIATION FLECHOISE DES ARTS MARTIAUX
72,Sarthe,CIE ARCHERS BOIS DES VALLEES
72,Sarthe,CIE ARCHERS DU BELINOIS
72,Sarthe,CIE D'ARCHERS DU SAOSNOIS
72,Sarthe,CIE DES ARCHERS DES VARENNES
72,Sarthe,CITAS
72,Sarthe,CLUB OMNISPORT CHATEAU DU LOIR
72,Sarthe,FAMILLES RURALES DE DOLLON
72,Sarthe,FOYER RURAL
72,Sarthe,JEUNESSES SPORTIVES
72,Sarthe,LE MANS S.O.M.
72,Sarthe,LES ARCHERS D ECOMMOY
72,Sarthe,LES ARCHERS D'YVRE
72,Sarthe,LES ARCHERS DE SABLE
72,Sarthe,TIR A L'ARC CACS
72,Sarthe,UNION SPORTIVE DU LUART
72,Sarthe,VSF TIR A L'ARC
73,Savoie,1ER CIE D'AIX LES BAINS
73,Savoie,1ERE CIE D'ALBERTVILLE
73,Savoie,1ERE CIE D'ARC DE CHAMBERY
73,Savoie,1ERE CIE D'ARC DE MOUTIERS
73,Savoie,COMPAGNIE DE L'ARC
73,Savoie,COURCHEVEL ARCHERY
73,Savoie,LES ARCHERS DE BARBERAZ
73,Savoie,LES ARCHERS DE L'EDELWEISS
73,Savoie,LES ARCHERS DU ROC NOIR
73,Savoie,LES ARCHERS DU VAL COISIN
73,Savoie,LES COMPAGNONS D'ULYSSE
73,Savoie,TENNIS CLUB DU BOURGET DU LAC
74,Savoie (Haute),1 ERE CIE ANNEMASSE
74,Savoie (Haute),1ERE CIE D'ARC ANNECY ST SEBASTIEN
74,Savoie (Haute),A.S.O. - S.N.R.ANNECY
74,Savoie (Haute),ARC CLUB CLUSIEN
74,Savoie (Haute),ARCHERS VALLEE THONES
74,Savoie (Haute),CIE ARCHERS ST JULIEN
74,Savoie (Haute),CIE DE TIR A L'ARC LES SAGITTAIRES
74,Savoie (Haute),L'ARQUEBUSE DE DOUVAINE
74,Savoie (Haute),LES ARCHERS DE L'ARVE
74,Savoie (Haute),LES ARCHERS DE LA SALLANCHE
74,Savoie (Haute),LES ARCHERS DE RIPAILLE
74,Savoie (Haute),LES ARCHERS DE SAMOENS
74,Savoie (Haute),LES ARCHERS DU FAUCIGNY
74,Savoie (Haute),LES ARCHERS DU GAVOT
74,Savoie (Haute),LES ARCHERS JACQUEMARD
74,Savoie (Haute),POISY ANIMATION JEUNES
76,Seine-Maritime,1ERE CIE D ARC DES TEMPLIERS
76,Seine-Maritime,1ERE COMPAGNIE D'ARC DE NEUFCHATEL
76,Seine-Maritime,AMICALE LAIQUE DE MAROMME
76,Seine-Maritime,AMICALE LAIQUE DE TOURVILLE LA RIVIERE
76,Seine-Maritime,ARC CLUB D'EPOUVILLE
76,Seine-Maritime,ARC CLUB DE FECAMP
76,Seine-Maritime,ARC ROBERT LE DIABLE
76,Seine-Maritime,ARC ROUEN CLUB
76,Seine-Maritime,ARCHERS DU GRAND COLMOULINS
76,Seine-Maritime,ARCHERS DU JONQUAY PLATEAU EST
76,Seine-Maritime,ARCHERS DU ROY GUILLAUME
76,Seine-Maritime,ARCHERS VALERIQUAIS
76,Seine-Maritime,AS TOTAL PETROCHEMICALS
76,Seine-Maritime,ASSOCIATION DE TIR DE YERVILLE
76,Seine-Maritime,CENTRE DE LOISIRS CULTURELS DE TURRETOT
76,Seine-Maritime,CIE D'ARC DE FERRIERES EN BRAY
76,Seine-Maritime,CIE D'ARCHERS DE GRAND COURONNE
76,Seine-Maritime,CIE DES ARCHERS BRACQUEMONT BELLEVILLE
76,Seine-Maritime,CIE DES ARCHERS D AUFFAY
76,Seine-Maritime,CIE DES ARCHERS DE MONT ST AIGNAN
76,Seine-Maritime,CIE DES ARCHERS DU RONCHAY
76,Seine-Maritime,CIE DES ARCHERS SOTTEVILLAIS
76,Seine-Maritime,CIE HAVRAISE DE TIR A L ARC
76,Seine-Maritime,CLUB SPORTIF DE GRAVENCHON
76,Seine-Maritime,COMPAGNIE DES MARTINS TIREURS
76,Seine-Maritime,DA ADRESSE
76,Seine-Maritime,E.S.A.CIE DES ARCHERS AUMALOIS
76,Seine-Maritime,GALLIA CLUB OMNISPORTS DE BIHOREL
76,Seine-Maritime,L'ARC ST ROMANAIS
76,Seine-Maritime,LES ARCHERS BEUZEVILLAIS
76,Seine-Maritime,LES ARCHERS BLANCS
76,Seine-Maritime,LES ARCHERS DE PREAUX
76,Seine-Maritime,LES ARCHERS DU QUESNOT
76,Seine-Maritime,LES ARCHERS DU ROY D'YVETOT
76,Seine-Maritime,LES ARCHERS DU VAL DE BRESLE
76,Seine-Maritime,LES ARCHERS GRAND QUEVILLAIS
76,Seine-Maritime,LES-ARCHERS-DU-COLOMBIER
93,Seine-Saint-Denis,1ER CIE D'ARC DE MONTFERMEIL
93,Seine-Saint-Denis,1ERE CIE ARC MONTREUIL
93,Seine-Saint-Denis,1ERE CIE D'ARC D'AULNAY SOUS BOIS
93,Seine-Saint-Denis,2E CIE ARC NOISY-GRAND
93,Seine-Saint-Denis,2EME CIE D'ARC MONTREUIL
93,Seine-Saint-Denis,A.S. BONDY
93,Seine-Saint-Denis,ARCHERIE NOCEENNE CLUB
93,Seine-Saint-Denis,ARCHERS DU VERT GALANT
93,Seine-Saint-Denis,C C COUBRON VAUJOURS TIR A L'ARC
93,Seine-Saint-Denis,C.A.BAGNOLET BELLEVILLE
93,Seine-Saint-Denis,CIE D'ARC DE CLICHY SOUS BOIS
93,Seine-Saint-Denis,CIE D'ARC DE PANTIN
93,Seine-Saint-Denis,CIE D'ARC DE SEVRAN
93,Seine-Saint-Denis,CIE D'ARC NOISY LE SEC
93,Seine-Saint-Denis,CIE D'ARC ROMAINVILLE
93,Seine-Saint-Denis,CLUB DE TIR A L'ARC DU BOURGET
93,Seine-Saint-Denis,CLUB SPORTIF MULTISECTIONS D'EPINAY
93,Seine-Saint-Denis,COMPAGNIE D'ARC DE BONDY
93,Seine-Saint-Denis,COMPAGNIE D'ARC L'UNION
93,Seine-Saint-Denis,GAGNY 1ERE CIE D'ARC USM
93,Seine-Saint-Denis,LA FLECHE AUDONIENNE
93,Seine-Saint-Denis,LES ARCHERS DE VILLETANEUSE
93,Seine-Saint-Denis,ROGNETTE VALJOVIENNE
93,Seine-Saint-Denis,S.D.U.S. TIR A L'ARC
93,Seine-Saint-Denis,TIR A L ARC - C.S.L. DRANCY
93,Seine-Saint-Denis,TIR A L'ARC - CSL ROSNY
93,Seine-Saint-Denis,U.S. MONTFERMEIL
93,Seine-Saint-Denis,VILLEMOMBLE ( CIE D'ARC )
93,Seine-Saint-Denis,VILLEPINTE TIR A L ARC
77,Seine-et-Marne,1 ERE CIE D ARC DAMMARTIN EN GOELE
77,Seine-et-Marne,1CIE D'ARC DE ROISSY EN BRIE
77,Seine-et-Marne,1ERE CIE D ARC DE MITRY MORY
77,Seine-et-Marne,1ERE CIE D'ARC D'ANNET/MARNE
77,Seine-et-Marne,1ERE CIE D'ARC DE CLAYE
77,Seine-et-Marne,1ERE CIE D'ARC DE SOUILLY
77,Seine-et-Marne,ACS
77,Seine-et-Marne,ARC CLUB DE MEAUX
77,Seine-et-Marne,ARC CLUB DE MOUROUX
77,Seine-et-Marne,ARC SPORT SEINE ET LOING
77,Seine-et-Marne,ARCHERIE DE PONTVILLE
77,Seine-et-Marne,ARCHERIE MONTERELAISE
77,Seine-et-Marne,ASR TIR A L'ARC
77,Seine-et-Marne,CHELLES ARC CLUB
77,Seine-et-Marne,CIE ARC CONDE LIBIAIRE
77,Seine-et-Marne,CIE ARC FONTAINEBLEAU-AVON
77,Seine-et-Marne,CIE ARC LA FRATERNELLE
77,Seine-et-Marne,CIE ARC VERT ST DENIS-CESSON
77,Seine-et-Marne,CIE D ARC DE CHALMAISON
77,Seine-et-Marne,CIE D'ARC CHAMPS SUR MARNE
77,Seine-et-Marne,CIE D'ARC D'ESBLY
77,Seine-et-Marne,CIE D'ARC DE COUILLY
77,Seine-et-Marne,CIE D'ARC DE DAMPMART
77,Seine-et-Marne,CIE D'ARC DE LAGNY
77,Seine-et-Marne,CIE D'ARC DE MONTRY
77,Seine-et-Marne,CIE D'ARC DE NEMOURS - ST PIERRE
77,Seine-et-Marne,CIE D'ARC DE PROVINS
77,Seine-et-Marne,CIE D'ARC DE ST GERMAIN SUR MORIN
77,Seine-et-Marne,CIE. D ARC DE SAINT PATHUS
77,Seine-et-Marne,CLUB SPORTIF ET LOISIR DE LA GENDARMERIE
77,Seine-et-Marne,COMPAGNIE D'ARC DE QUINCY-VOISINS
77,Seine-et-Marne,CRECY LA CHAPELLE (CIE D'ARC)
77,Seine-et-Marne,ESPOIR SPORTIF MOUSSY LE NEUF
77,Seine-et-Marne,LA DOUBLE DETENTE DE BUSSY
77,Seine-et-Marne,LE MEE SPORTS TIR A L'ARC
77,Seine-et-Marne,LES ARCHERS CALMETIENS
77,Seine-et-Marne,LES ARCHERS D'OZOIR
77,Seine-et-Marne,LES ARCHERS DE LA MARSANGE
77,Seine-et-Marne,LES ARCHERS DE LA PIERRE BLANCHE
77,Seine-et-Marne,LES ARCHERS DE MAREUIL
77,Seine-et-Marne,LES ARCHERS DE SAINT MARD
77,Seine-et-Marne,LES ARCHERS DE SAINT THIBAULT
77,Seine-et-Marne,LES ARCHERS DES 7 MOULINS
77,Seine-et-Marne,LES ARCHERS DU PAAC
77,Seine-et-Marne,LES BLASONS BRIARDS
77,Seine-et-Marne,MALNOUE EMERAINVILLE SPORTS
77,Seine-et-Marne,SAVIGNY LE TEMPLE TIR A L'ARC
77,Seine-et-Marne,TIR A L'ARC DE CANNES ECLUSE
77,Seine-et-Marne,TIR A L'ARC NANGISSIEN
77,Seine-et-Marne,TIR A L'ARC ORVANNAIS
77,Seine-et-Marne,TORCY ARCHERIE
77,Seine-et-Marne,U.S.B. TIR A L'ARC
77,Seine-et-Marne,U.S.M. VILLEPARISIS
77,Seine-et-Marne,UNION SPORT. CHATELAINE
79,Sevres (Deux),ARCHERS DE LA TREMOILLE
79,Sevres (Deux),ARCHERS DU PIED DU ROY
79,Sevres (Deux),CGNIE DES ARCHERS D HAUTIBUS
79,Sevres (Deux),CIE LA FLECHE CRECHOISE
79,Sevres (Deux),COMPAGNIE DES ARCHERS NIORTAIS
79,Sevres (Deux),LES ARCHERS DE GATINE
79,Sevres (Deux),LES ARCHERS DE L'AUTIZE
80,Somme,AMICALE DES ANCIENS ELEVES
80,Somme,CIE ARCHERS DE MOREUIL
80,Somme,CIE D ARC DE ROYE
80,Somme,CIE D'ARC D'ABBEVILLE
80,Somme,CIE D'ARC D'AMIENS
80,Somme,CIE D'ARC D'ARVILLERS
80,Somme,CIE D'ARC DE BROUCHY
80,Somme,CIE D'ARC DE PIENNES
80,Somme,CIE D'ARC ST.MARTIN ROISEL-EPEHY
80,Somme,CIE DES FRANCS ARCHERS
80,Somme,CLUB DE TIR A L'ARC DE SAINS EN AMIENOIS
80,Somme,CLUB DE TIR A L'ARC NESLOIS
80,Somme,ENCLOS DE L'ABBAYE
80,Somme,ESMERY HALLON
80,Somme,L'ETINCELLE MARQUENTERRE LOISIRS CULTURE
80,Somme,LA BOISSIERE-FESCAMPS
80,Somme,LA FLECHE EPPEVILLOISE
80,Somme,LES ARCHERS D'ANDECHY
80,Somme,LES ARCHERS DE CACHY
80,Somme,UNION DES ARCHERS
81,Tarn,A.S.C. LA LANDELLE
81,Tarn,ARC CLUB DE LAVAUR
81,Tarn,COMPAGNIE DES ARCHERS ALBIGEOIS
81,Tarn,HANDI MUT SPORTS
81,Tarn,LES ARCHERS DE LA MONTAGNE NOIRE
81,Tarn,LES ARCHERS DU COTEAU
81,Tarn,LES ARCHERS DU DADOU
81,Tarn,LES ARCHERS DU SIDOBRE
82,Tarn-et-Garonne,AMICALE LAIQUE VALENCE D AGEN
82,Tarn-et-Garonne,ARCHERS DE LA LOMAGNE
82,Tarn-et-Garonne,ARCHERS DU CAUSSADAIS
82,Tarn-et-Garonne,ASSOC LES ARCHERS QUERCYNNOIS
82,Tarn-et-Garonne,COMPAGNIE DES ARCHERS MONTECHOIS
82,Tarn-et-Garonne,LA CIE D'ARCHERS MONTACUTAINS
82,Tarn-et-Garonne,LES ARCHERS BRESSOLAIS
82,Tarn-et-Garonne,LES ARCHERS DE CASTELSARRASIN
82,Tarn-et-Garonne,LES ARCHERS DE LABREILLE
82,Tarn-et-Garonne,LES ARCHERS MONTALBANAIS
82,Tarn-et-Garonne,LES ARCHERS STEPHANOIS
95,Val-d'Oise,1ERE CIE D ARC DE MONTMAGNY-DEUIL
95,Val-d'Oise,A.S. DES ARCHERS D'ERAGNY SUR OISE
95,Val-d'Oise,A.S.S.O.A. SECTION TIR A L'ARC
95,Val-d'Oise,AAS CIE D ARC DE SARCELLES
95,Val-d'Oise,ARC LOISIR CLUB DE PARMAIN
95,Val-d'Oise,ARCHERS DE CENT NOIX
95,Val-d'Oise,ARCHERS DE GUIRY
95,Val-d'Oise,ASAF.CIE DU PELICAN BLANC
95,Val-d'Oise,C.O.L.E.G.
95,Val-d'Oise,CIE ARC MENUCOURT
95,Val-d'Oise,CIE ARCHERS DE PONTOISE
95,Val-d'Oise,CIE D ARCHERS DU C.S.P.B.
95,Val-d'Oise,CIE D'ARC D'ERMONT
95,Val-d'Oise,CIE D'ARC DE MARLY LA VILLE
95,Val-d'Oise,CIE D'ARC DE MONTMORENCY
95,Val-d'Oise,CIE D'ARC DE ST LEU
95,Val-d'Oise,CIE D'ARC DE VIARMES
95,Val-d'Oise,COMPAGNIE D ARC DE LOUVRES
95,Val-d'Oise,COMPAGNIE D'ARC LES DRAGONNIERS
95,Val-d'Oise,COMPAGNIE D'ARC VILLIERS LE BEL
95,Val-d'Oise,LA FLECHE SANNOISIENNE
95,Val-d'Oise,LES ARCHERS D'ECOUEN
95,Val-d'Oise,LES ARCHERS DE BEAUCHAMP
95,Val-d'Oise,LES ARCHERS DE GROUCHY
95,Val-d'Oise,LES ARCHERS DE MONTIGNY LES CORMEILLES
95,Val-d'Oise,LES ARCHERS DE ST BRICE
95,Val-d'Oise,LES ARCHERS DE ST PRIX
94,Val-de-Marne,1E CIE D'ARC DE NOGENT
94,Val-de-Marne,1ER CIE ARC VINCENNES
94,Val-de-Marne,1ERE CIE D'ARC DE CHENNEVIERES S.MARNE
94,Val-de-Marne,1ERE CIE D'ARC DE FONTENAY S/S BOIS
94,Val-de-Marne,2EME CIE D'ARC DE NOGENT
94,Val-de-Marne,ATHLETIC ARC CLUB
94,Val-de-Marne,AVENIR SPORTIF D'ORLY
94,Val-de-Marne,CIE D ARC DE ST MAUR
94,Val-de-Marne,CIE D'ARC ELAN
94,Val-de-Marne,CIE D'ARC FONTENAY S BOIS
94,Val-de-Marne,COMPAGNIE D'ARC DE VILLIERS SUR MARNE
94,Val-de-Marne,COMPAGNIE VILLECRESNOISE DE TIR A L'ARC
94,Val-de-Marne,ENTENTE SPORTIVE CAUDACIENNE
94,Val-de-Marne,ENTENTE SPORTIVE DE VITRY
94,Val-de-Marne,ESSILARC
94,Val-de-Marne,LES ARCHERS DE L'HAY LES ROSES
94,Val-de-Marne,LES ARCHERS DE LA LICORNE
94,Val-de-Marne,LES ARCHERS FRESNOIS
94,Val-de-Marne,REDSTAR CLUB CHAMPIGNY
94,Val-de-Marne,ST GEORGES LE PERREUX
94,Val-de-Marne,U.S.CRETEIL TIR A L'ARC
94,Val-de-Marne,US-VILLEJUIF TIR ARC
94,Val-de-Marne,USI - SECTION TIR A L'ARC
83,Var,ARC CLUB GARDEEN
83,Var,ARC CLUB SANARY
83,Var,ARC CLUB TOULONNAIS
83,Var,ASPTT TIR A L'ARC HYERES
83,Var,CIE BRIGNOLAISE DE TIR
83,Var,CIE TIR A L'ARC ROQUEBRUNE-LES ISSAMBRES
83,Var,CIE VERDIEROISE DE TIR A L'ARC
83,Var,CLUB DES ARCHERS BAGNOLAIS
83,Var,COMPAGNIE CARCOISE TIR A L'ARC
83,Var,COMPAGNIE D'ARC OLLIOULAISE
83,Var,COMPAGNONS ARC COGOLIN
83,Var,FREJUS ARC CLUB
83,Var,LES ARCHERS DE ST QUINIS
83,Var,LES ARCHERS DE ST RAPHAEL/VALESCURE
83,Var,LES ARCHERS DE SULLY
83,Var,LES ARCHERS DU DRAGON
83,Var,LES ARCHERS DU GRAND JARDIN
83,Var,LES ARCHERS DU MUY
83,Var,LES ARCHERS LORGUAIS
83,Var,LES ARCHERS OCCITANS
83,Var,LES ARCHERS PUGETOIS
83,Var,LES ARCHERS VALETTOIS
83,Var,TIR ARC NATURE INSTINCTIF
84,Vaucluse,ARC CLUB LUBERONAIS
84,Vaucluse,ARC KI DO
84,Vaucluse,ARCHERS COMTAT VENAISSIN
84,Vaucluse,ARCHERS DE BOLLENE
84,Vaucluse,ARCHERS DE GARGAS
84,Vaucluse,ARCHERS DES PRINCES
84,Vaucluse,ARCHERS DU LUBERON
84,Vaucluse,ARCHERS L'ISLOIS
84,Vaucluse,ARCHERS MORIERES
84,Vaucluse,ARCHERS ST JACQUES
84,Vaucluse,ARCHERS ST SIFFREIN
84,Vaucluse,ASL - ARCHERS DE LA TOUR
84,Vaucluse,COMPAGNIE D'ARC DE VEDENE
84,Vaucluse,GRAND ARC - ASSER
84,Vaucluse,LES ARCHERS DE VAL SEILLE
84,Vaucluse,LES ARCHERS DU BAUDE
84,Vaucluse,NATURE EN CIBLE
84,Vaucluse,TOXOTES VAL DURANCE MERINDOL
85,Vendee,1ERE CIE D'ARCHERS EN TALMONDAIS
85,Vendee,AMICALE DU BEIGNON BASSET
85,Vendee,ARCHERS DE BARBATRE
85,Vendee,ARCHERS DE GROSBREUIL
85,Vendee,ARCHERS DE LA CHOUANNERIE
85,Vendee,ARCHERS DE ST GILLES CROIX VIE
85,Vendee,ARCHERS RICHELIEU
85,Vendee,CIE ARCHERS CHANTONNAISIENS
85,Vendee,CIE D'ARCHERS SAINT GEORGES
85,Vendee,CIE DES ARCHERS DE L'ILE D'YEU
85,Vendee,CLUB DES ARCHERS CHALLANDAIS
85,Vendee,L'ARCHER CLUB D'AIZENAY
85,Vendee,LES ARCHERS DE LA DIGUE
85,Vendee,LES ARCHERS DU HAUT BOCAGE
85,Vendee,LES ARCHERS MONTOIS
85,Vendee,LES ARCHERS SABLAIS
85,Vendee,LES ARCHERS ST AUBINOIS
85,Vendee,LES GARNA'ARCHERS
85,Vendee,TIR A L'ARC DE CHATAIGNERAIE
85,Vendee,TIR ARC FONTENAISIEN
86,Vienne,ARCHERS DU LOUDUNAIS
86,Vienne,C.S.A.D.- C TIR A L'ARC
86,Vienne,CIE ARCHERS DU BOIS D'AMOUR
86,Vienne,CIE DES ARCHERS DE L'ENVIGNE
86,Vienne,CIE DES ARCHERS DES SIX VALLEES
86,Vienne,CIE DES ARCHERS DU VAL DE VIENNE
86,Vienne,CPA MJC TIR A L ARC
86,Vienne,LA FLECHE PICTAVE
86,Vienne,LES ARCHERS D'HARCOURT - CHAUVIGNY
86,Vienne,LES ARCHERS LA VALLEE DU CLAIN
86,Vienne,POITIERS LA TOUR A L'OISEAU
87,Vienne (Haute),ASSOCIATION SPORTIVE
87,Vienne (Haute),CIE D'ARC MAGNAC LAVAL
87,Vienne (Haute),CIE DES ARCHERS VALLEE TENEBREUSE
87,Vienne (Haute),LES ARCHERS DICELUY PAIS
87,Vienne (Haute),LIMOGES-COUZEIX ARC CLUB
88,Vosges,1E CIE DES HTES VOSGES
88,Vosges,1ERE CIE D'ARCHERS D'EPINAL
88,Vosges,1ERE COMPAGNIE D'ARC DE SAINT-DIE-DES-VOSGES
88,Vosges,ARC CLUB CONTREXEVILLE VITTEL
88,Vosges,CERCLE DES ARCHERS
88,Vosges,CERCLE DES ARTS MARTIAUX
88,Vosges,CIE ARCHERS NEUFCHATEAU
88,Vosges,EST TIR A L'ARC
88,Vosges,LES ARCHERS DE FREMIFONTAINE
88,Vosges,LES ARCHERS DE LA VALDANGE
88,Vosges,LES ARCHERS DE SALM
88,Vosges,LES ARCHERS DE SAULCY
88,Vosges,LES ARCHERS MIRECURTIENS
88,Vosges,VALLEE DES LACS
89,Yonne,A.S.T TIR A L'ARC
89,Yonne,AMICALE DES FONTENILLES TIR A L'ARC
89,Yonne,AUXERRE 1ERE COMPAGNIE
89,Yonne,CIE D'ARCHERS ST FARGEAU
89,Yonne,CIE DES ARCHERS SENONS
89,Yonne,COMPAGNIE DES ARCHERS DE ST LEU
89,Yonne,JEUNE GARDE POURRAIN
89,Yonne,LA SENTINELLE
89,Yonne,LES ARCHERS DES 2 PORTES
89,Yonne,LES ARCHERS DU CHABLISIEN
89,Yonne,LES CADETS D'AUXERRE TIR A L'ARC
89,Yonne,SECTION TIR A L'ARC DE L.U.S.C.M
89,Yonne,ST MARTIN ARCHERS CLUB
89,Yonne,USJ 1ERE CIE ST JACQUES
78,Yvelines,A.S. MANTAISE
78,Yvelines,A.S.B.A TIR A L'ARC
78,Yvelines,ARCHERS CARRIERES USMC
78,Yvelines,ARCHERS DE COIGNIERES
78,Yvelines,ARCHERS GUY LE ROUGE
78,Yvelines,AS POISSY TIR A L'ARC
78,Yvelines,ASSOCIATION ARCHERS ALPICOIS
78,Yvelines,C S M A E AUBERGENVILLE
78,Yvelines,C.O.G.
78,Yvelines,CAA - COMPAGNIE D'ARC D'AUBERGENVILLE
78,Yvelines,CIE ARCHERS VILLERSOIS
78,Yvelines,CIE D ARC D ELANCOURT
78,Yvelines,CIE D ARC DE BUC
78,Yvelines,CIE D'ARC D'HARDRICOURT
78,Yvelines,CIE D'ARC DE BREVAL
78,Yvelines,CIE D'ARC DE MAISONS LAFFITTE
78,Yvelines,CIE D'ARC DE VILLEPREUX
78,Yvelines,CIE D'ARC DE VIROFLAY
78,Yvelines,CIE D'ARC DES MUREAUX
78,Yvelines,CIE D'ARC SAINT HUBERT
78,Yvelines,CIE D'ARCHERS DU PAYS HOUDANAIS
78,Yvelines,CIE DES ARCHERS DE MARLY
78,Yvelines,CLOCA ACHERES
78,Yvelines,CLUB SPORTIF CA-CL TIR A L'ARC
78,Yvelines,COMPAGNIE D'ARC DE TRAPPES
78,Yvelines,COMPAGNIE DE MAGNY
78,Yvelines,COMPAGNIE DE MEULAN
78,Yvelines,CTA A.S.MONTIGNY LE BRETONNEUX
78,Yvelines,ESSARTS CLUB ARCHERIE
78,Yvelines,LA FLECHE MAREILOISE
78,Yvelines,LES ARCHERS D'ULYSSE
78,Yvelines,LES ARCHERS DE GUYANCOURT
78,Yvelines,LES ARCHERS DE VOISINS
78,Yvelines,LES ARCHERS DU VESINET
78,Yvelines,LES ARCHERS JUMEAUVILLOIS
78,Yvelines,LES ARCS DE CHEVREUSE
78,Yvelines,LES COMPAGNONS DE L'ARC
78,Yvelines,MAUREPAS TIR A L'ARC
78,Yvelines,PRO PATRIA MONTESSON
78,Yvelines,SO HOUILLES
78,Yvelines,TIR NATIONAL DE VERSAILLES
78,Yvelines,U.S. ST ARNOULT
78,Yvelines,U.S.C TIR A L'ARC
78,Yvelines,UNION SPORTIVE MUNICIPALE ROCQUENCOURT
,Ostatni (Autres / non classes),1 ere CIE st etienne
,Ostatni (Autres / non classes),Anthony Archery Academy
,Ostatni (Autres / non classes),Arc Club de Nimes
,Ostatni (Autres / non classes),ARCHERS DE PRES DORES
,Ostatni (Autres / non classes),ASPTT BASTIA
,Ostatni (Autres / non classes),CIE D'ARC DE PIETRABUGNO
,Ostatni (Autres / non classes),Cie des Archers Guerandais
,Ostatni (Autres / non classes),CLUB DE CALVI BALAGNE
,Ostatni (Autres / non classes),Compagnie d'arc de Chenneviere sur marne
,Ostatni (Autres / non classes),LES FRANCS ARCHERS D'AUDOMAR
,Ostatni (Autres / non classes),Lorient Asal
,Ostatni (Autres / non classes),Lorient Asal tir a l'arc
,Ostatni (Autres / non classes),Saint Amand Cible
,Ostatni (Autres / non classes),SGTA ANGERS
,Ostatni (Autres / non classes),STAR
,Ostatni (Autres / non classes),TIR A L'ARC CHATEAU GONTIER
,Ostatni (Autres / non classes),USTAO
